scenario	model	pedigree	condition	rep	recovered	candidates	background	records_per_sample	rare_per_sample	seconds
AD, 3 generations (7)	AD	three_gen	error-free	0	1	22	21	19030.428571428572	444.7142857142857	1.9649174449999975
AD, 3 generations (7)	AD	three_gen	error-free	1	1	25	24	18856.428571428572	437.7142857142857	1.426971629999997
AD, 3 generations (7)	AD	three_gen	error-free	2	1	27	26	19083.0	445.2857142857143	2.5178670499999996
AD, 3 generations (7)	AD	three_gen	error-free	3	1	18	17	18894.85714285714	440.7142857142857	1.5733593920000004
AD, 3 generations (7)	AD	three_gen	error-free	4	1	24	23	19081.85714285714	441.2857142857143	1.3908001749999954
AD, 3 generations (7)	AD	three_gen	error-free	5	1	24	23	18829.0	439.57142857142856	1.3356864810000104
AD, 3 generations (7)	AD	three_gen	error-free	6	1	24	23	19056.428571428572	443.85714285714283	1.5623161330000102
AD, 3 generations (7)	AD	three_gen	error-free	7	1	20	19	18997.85714285714	435.7142857142857	1.4729363189999987
AD, 3 generations (7)	AD	three_gen	error-free	8	1	27	26	19058.85714285714	432.57142857142856	1.8134891300000078
AD, 3 generations (7)	AD	three_gen	error-free	9	1	22	21	18837.85714285714	419.14285714285717	1.567593543000001
AD, 3 generations (7)	AD	three_gen	error-free	10	1	17	16	19066.428571428572	454.14285714285717	1.3952228899999994
AD, 3 generations (7)	AD	three_gen	error-free	11	1	30	29	19073.428571428572	440.0	1.690116403999994
AD, 3 generations (7)	AD	three_gen	error-free	12	1	27	26	18977.285714285714	433.57142857142856	1.4948347560000173
AD, 3 generations (7)	AD	three_gen	error-free	13	1	33	32	18923.571428571428	446.2857142857143	1.514701453999976
AD, 3 generations (7)	AD	three_gen	error-free	14	1	20	19	18864.0	441.85714285714283	1.4035525669999913
AD, 3 generations (7)	AD	three_gen	error-free	15	1	20	19	18990.0	453.2857142857143	1.400473384999998
AD, 3 generations (7)	AD	three_gen	error-free	16	1	31	30	18729.571428571428	434.42857142857144	1.4766147149999824
AD, 3 generations (7)	AD	three_gen	error-free	17	1	23	22	19075.428571428572	438.2857142857143	1.6027277050000066
AD, 3 generations (7)	AD	three_gen	error-free	18	1	28	27	19059.428571428572	447.85714285714283	1.43964524499998
AD, 3 generations (7)	AD	three_gen	error-free	19	1	25	24	19111.14285714286	440.42857142857144	1.5325227889999837
AD, 3 generations (7)	AD	three_gen	error-free	20	1	29	28	19159.428571428572	467.42857142857144	1.4106406300000174
AD, 3 generations (7)	AD	three_gen	error-free	21	1	21	20	18927.571428571428	443.85714285714283	1.4584615709999866
AD, 3 generations (7)	AD	three_gen	error-free	22	1	26	25	19066.571428571428	461.42857142857144	1.539647481000003
AD, 3 generations (7)	AD	three_gen	error-free	23	1	25	24	18929.85714285714	446.2857142857143	1.4407358069999816
AD, 3 generations (7)	AD	three_gen	error-free	24	1	25	24	19055.14285714286	449.14285714285717	1.3700617590000093
AD, 3 generations (7)	AD	three_gen	error-free	25	1	25	24	19057.571428571428	437.14285714285717	1.3510971009999935
AD, 3 generations (7)	AD	three_gen	error-free	26	1	30	29	18863.714285714286	442.7142857142857	1.4908860399999924
AD, 3 generations (7)	AD	three_gen	error-free	27	1	25	24	19178.85714285714	432.57142857142856	1.3790867040000023
AD, 3 generations (7)	AD	three_gen	error-free	28	1	33	32	18967.714285714286	462.14285714285717	1.3375636809999776
AD, 3 generations (7)	AD	three_gen	error-free	29	1	21	20	18990.285714285714	446.14285714285717	1.3335538910000082
AD, 3 generations (7)	AD	three_gen	error-free	30	1	24	23	19173.85714285714	455.0	1.453165748999993
AD, 3 generations (7)	AD	three_gen	error-free	31	1	27	26	18912.714285714286	445.85714285714283	1.6045966050000118
AD, 3 generations (7)	AD	three_gen	error-free	32	1	19	18	18879.714285714286	434.14285714285717	1.2688978599999814
AD, 3 generations (7)	AD	three_gen	error-free	33	1	17	16	18876.571428571428	424.2857142857143	1.3330332639999938
AD, 3 generations (7)	AD	three_gen	error-free	34	1	28	27	18890.428571428572	441.85714285714283	1.382548890999999
AD, 3 generations (7)	AD	three_gen	error-free	35	1	35	34	19091.85714285714	442.85714285714283	1.404250879000017
AD, 3 generations (7)	AD	three_gen	error-free	36	1	29	28	19000.14285714286	444.85714285714283	1.5540892260000305
AD, 3 generations (7)	AD	three_gen	error-free	37	1	26	25	18981.14285714286	446.85714285714283	1.373159500999975
AD, 3 generations (7)	AD	three_gen	error-free	38	1	28	27	19036.714285714286	457.0	1.381331017999969
AD, 3 generations (7)	AD	three_gen	error-free	39	1	36	35	19042.85714285714	466.2857142857143	1.4551531289999957
AD, 3 generations (7)	AD	three_gen	error-free	40	1	19	18	18961.571428571428	412.57142857142856	1.6484498019999592
AD, 3 generations (7)	AD	three_gen	error-free	41	1	27	26	19070.14285714286	429.14285714285717	1.7235117510000464
AD, 3 generations (7)	AD	three_gen	error-free	42	1	25	24	19027.285714285714	432.7142857142857	1.5300047740000196
AD, 3 generations (7)	AD	three_gen	error-free	43	1	31	30	18870.285714285714	444.0	1.5787538899999731
AD, 3 generations (7)	AD	three_gen	error-free	44	1	37	36	19132.14285714286	402.85714285714283	1.5282499680000114
AD, 3 generations (7)	AD	three_gen	error-free	45	1	33	32	18977.714285714286	432.14285714285717	1.5510098679999942
AD, 3 generations (7)	AD	three_gen	error-free	46	1	30	29	18846.85714285714	436.7142857142857	1.5186156770000139
AD, 3 generations (7)	AD	three_gen	error-free	47	1	38	37	18913.85714285714	427.57142857142856	1.5774536760000046
AD, 3 generations (7)	AD	three_gen	error-free	48	1	23	22	19144.285714285714	465.2857142857143	1.4513358130000142
AD, 3 generations (7)	AD	three_gen	error-free	49	1	35	34	18833.571428571428	444.42857142857144	1.777694853000014
AD, 3 generations (7)	AD	three_gen	noisy	0	1	29	28	19379.428571428572	754.8571428571429	1.551133902999993
AD, 3 generations (7)	AD	three_gen	noisy	1	1	30	29	19532.14285714286	762.8571428571429	1.5510812700000542
AD, 3 generations (7)	AD	three_gen	noisy	2	1	32	31	19452.714285714286	754.4285714285714	1.7285054740000305
AD, 3 generations (7)	AD	three_gen	noisy	3	1	33	32	19225.0	728.1428571428571	1.9038089529999525
AD, 3 generations (7)	AD	three_gen	noisy	4	0	33	33	19342.0	773.7142857142857	1.6270783699999924
AD, 3 generations (7)	AD	three_gen	noisy	5	1	24	23	19384.714285714286	754.8571428571429	1.4738322160000052
AD, 3 generations (7)	AD	three_gen	noisy	6	1	30	29	19471.14285714286	786.0	1.5244353130000263
AD, 3 generations (7)	AD	three_gen	noisy	7	1	27	26	19218.428571428572	764.5714285714286	1.4907866060000288
AD, 3 generations (7)	AD	three_gen	noisy	8	1	25	24	19450.571428571428	737.2857142857143	1.3211040240000216
AD, 3 generations (7)	AD	three_gen	noisy	9	1	35	34	19325.285714285714	766.1428571428571	1.363824711999996
AD, 3 generations (7)	AD	three_gen	noisy	10	1	26	25	19145.428571428572	730.4285714285714	1.483403979000002
AD, 3 generations (7)	AD	three_gen	noisy	11	1	14	13	19133.0	709.7142857142857	1.3856906049999793
AD, 3 generations (7)	AD	three_gen	noisy	12	1	26	25	19349.0	763.5714285714286	1.4846328709999739
AD, 3 generations (7)	AD	three_gen	noisy	13	1	32	31	19325.0	763.8571428571429	1.4520601039999974
AD, 3 generations (7)	AD	three_gen	noisy	14	1	28	27	19242.0	774.1428571428571	1.343605579000041
AD, 3 generations (7)	AD	three_gen	noisy	15	1	21	20	19398.14285714286	769.2857142857143	1.3613409120000028
AD, 3 generations (7)	AD	three_gen	noisy	16	1	23	22	19362.571428571428	760.8571428571429	1.5709528140000089
AD, 3 generations (7)	AD	three_gen	noisy	17	1	30	29	19445.85714285714	765.0	1.430926445999944
AD, 3 generations (7)	AD	three_gen	noisy	18	1	31	30	19312.428571428572	757.7142857142857	1.3984400780000215
AD, 3 generations (7)	AD	three_gen	noisy	19	1	28	27	19434.571428571428	766.1428571428571	1.6264167439999824
AD, 3 generations (7)	AD	three_gen	noisy	20	1	23	22	19219.285714285714	779.4285714285714	1.4762286580000819
AD, 3 generations (7)	AD	three_gen	noisy	21	1	27	26	19245.714285714286	774.0	1.4130517930000224
AD, 3 generations (7)	AD	three_gen	noisy	22	1	24	23	19309.0	755.7142857142857	1.3557536550000577
AD, 3 generations (7)	AD	three_gen	noisy	23	1	17	16	19416.428571428572	746.1428571428571	1.4908362769999712
AD, 3 generations (7)	AD	three_gen	noisy	24	1	23	22	19243.571428571428	760.8571428571429	1.4910135270000637
AD, 3 generations (7)	AD	three_gen	noisy	25	1	27	26	19177.0	723.7142857142857	1.4845040049999625
AD, 3 generations (7)	AD	three_gen	noisy	26	1	32	31	19398.0	757.8571428571429	1.6662092949999305
AD, 3 generations (7)	AD	three_gen	noisy	27	1	22	21	19356.14285714286	750.4285714285714	1.417172058999995
AD, 3 generations (7)	AD	three_gen	noisy	28	1	21	20	19443.285714285714	778.8571428571429	1.4898126460000185
AD, 3 generations (7)	AD	three_gen	noisy	29	1	24	23	19479.714285714286	773.8571428571429	1.3148800539999002
AD, 3 generations (7)	AD	three_gen	noisy	30	1	25	24	19310.571428571428	754.2857142857143	1.6009013649999133
AD, 3 generations (7)	AD	three_gen	noisy	31	1	32	31	19318.285714285714	797.4285714285714	1.5682863109999516
AD, 3 generations (7)	AD	three_gen	noisy	32	1	34	33	19463.571428571428	726.5714285714286	1.3754767469999933
AD, 3 generations (7)	AD	three_gen	noisy	33	1	29	28	19376.571428571428	725.7142857142857	1.484376146000045
AD, 3 generations (7)	AD	three_gen	noisy	34	1	19	18	19129.428571428572	773.4285714285714	1.2893289610000238
AD, 3 generations (7)	AD	three_gen	noisy	35	1	17	16	19291.85714285714	748.4285714285714	1.6390090920000375
AD, 3 generations (7)	AD	three_gen	noisy	36	1	29	28	19489.14285714286	747.2857142857143	1.5654331329999422
AD, 3 generations (7)	AD	three_gen	noisy	37	1	18	17	19417.285714285714	771.4285714285714	1.472269094000012
AD, 3 generations (7)	AD	three_gen	noisy	38	1	29	28	19210.14285714286	762.2857142857143	1.5454136100000824
AD, 3 generations (7)	AD	three_gen	noisy	39	1	24	23	19206.571428571428	752.0	1.549078447999932
AD, 3 generations (7)	AD	three_gen	noisy	40	0	26	26	19346.0	747.5714285714286	1.37016235100009
AD, 3 generations (7)	AD	three_gen	noisy	41	1	33	32	19245.14285714286	741.4285714285714	1.4548405330000378
AD, 3 generations (7)	AD	three_gen	noisy	42	1	18	17	19386.14285714286	755.8571428571429	1.587259081999946
AD, 3 generations (7)	AD	three_gen	noisy	43	1	24	23	19325.0	750.1428571428571	1.590188315999967
AD, 3 generations (7)	AD	three_gen	noisy	44	1	25	24	19285.714285714286	765.4285714285714	1.4592357369999718
AD, 3 generations (7)	AD	three_gen	noisy	45	1	21	20	19095.14285714286	735.4285714285714	1.4914723370000047
AD, 3 generations (7)	AD	three_gen	noisy	46	1	29	28	19252.85714285714	738.5714285714286	1.3519913400000405
AD, 3 generations (7)	AD	three_gen	noisy	47	1	28	27	19350.14285714286	765.4285714285714	1.3945445000000518
AD, 3 generations (7)	AD	three_gen	noisy	48	1	20	19	19167.0	756.5714285714286	1.5571655879999753
AD, 3 generations (7)	AD	three_gen	noisy	49	1	21	20	19303.428571428572	776.5714285714286	1.5009508740000683
AD, 3 generations (7)	AD	three_gen	noisy, missing ignored	0	1	23	22	19247.0	730.1428571428571	1.5282953070000076
AD, 3 generations (7)	AD	three_gen	noisy, missing ignored	1	1	23	22	19259.428571428572	733.4285714285714	1.4169063399999686
AD, 3 generations (7)	AD	three_gen	noisy, missing ignored	2	1	31	30	19339.0	787.8571428571429	1.397418524999921
AD, 3 generations (7)	AD	three_gen	noisy, missing ignored	3	1	23	22	19347.428571428572	766.2857142857143	1.6718513609999945
AD, 3 generations (7)	AD	three_gen	noisy, missing ignored	4	1	32	31	19243.714285714286	773.0	1.7134046239999634
AD, 3 generations (7)	AD	three_gen	noisy, missing ignored	5	1	25	24	19356.285714285714	741.7142857142857	1.3650347960000317
AD, 3 generations (7)	AD	three_gen	noisy, missing ignored	6	1	28	27	19314.285714285714	756.2857142857143	1.3781985150000082
AD, 3 generations (7)	AD	three_gen	noisy, missing ignored	7	1	34	33	19187.428571428572	768.4285714285714	1.4027005860000372
AD, 3 generations (7)	AD	three_gen	noisy, missing ignored	8	1	38	37	19332.85714285714	766.2857142857143	1.3895632520000163
AD, 3 generations (7)	AD	three_gen	noisy, missing ignored	9	1	28	27	19362.571428571428	768.1428571428571	1.6001714450000009
AD, 3 generations (7)	AD	three_gen	noisy, missing ignored	10	1	30	29	19486.571428571428	764.4285714285714	1.4794713239999737
AD, 3 generations (7)	AD	three_gen	noisy, missing ignored	11	1	25	24	19351.428571428572	784.8571428571429	1.570310217000042
AD, 3 generations (7)	AD	three_gen	noisy, missing ignored	12	1	26	25	19415.714285714286	756.7142857142857	1.446697550999943
AD, 3 generations (7)	AD	three_gen	noisy, missing ignored	13	1	33	32	19573.0	758.7142857142857	1.5112129100000402
AD, 3 generations (7)	AD	three_gen	noisy, missing ignored	14	1	27	26	19301.285714285714	772.1428571428571	1.4039589330000126
AD, 3 generations (7)	AD	three_gen	noisy, missing ignored	15	1	32	31	19220.571428571428	729.7142857142857	1.405820257000073
AD, 3 generations (7)	AD	three_gen	noisy, missing ignored	16	1	26	25	19181.428571428572	728.0	1.4229055089999747
AD, 3 generations (7)	AD	three_gen	noisy, missing ignored	17	1	36	35	19149.285714285714	758.8571428571429	1.38519734099998
AD, 3 generations (7)	AD	three_gen	noisy, missing ignored	18	1	35	34	19605.571428571428	780.8571428571429	1.5380214819999765
AD, 3 generations (7)	AD	three_gen	noisy, missing ignored	19	1	35	34	19198.85714285714	762.7142857142857	1.4099077299999863
AD, 3 generations (7)	AD	three_gen	noisy, missing ignored	20	1	21	20	19283.0	739.2857142857143	1.283670499999971
AD, 3 generations (7)	AD	three_gen	noisy, missing ignored	21	1	19	18	19121.0	757.5714285714286	1.4402566219999926
AD, 3 generations (7)	AD	three_gen	noisy, missing ignored	22	1	27	26	19464.714285714286	758.8571428571429	1.3682803899999954
AD, 3 generations (7)	AD	three_gen	noisy, missing ignored	23	1	26	25	19202.14285714286	763.0	1.2870682940000506
AD, 3 generations (7)	AD	three_gen	noisy, missing ignored	24	1	27	26	19273.0	726.7142857142857	1.3556174990000045
AD, 3 generations (7)	AD	three_gen	noisy, missing ignored	25	1	26	25	19304.714285714286	783.5714285714286	1.3582926689999795
AD, 3 generations (7)	AD	three_gen	noisy, missing ignored	26	1	25	24	19304.285714285714	756.8571428571429	1.4493395350000355
AD, 3 generations (7)	AD	three_gen	noisy, missing ignored	27	1	31	30	19326.14285714286	776.4285714285714	1.5162442060000103
AD, 3 generations (7)	AD	three_gen	noisy, missing ignored	28	1	26	25	19363.428571428572	781.1428571428571	1.5163281879999886
AD, 3 generations (7)	AD	three_gen	noisy, missing ignored	29	1	29	28	19325.428571428572	759.2857142857143	1.6453468419999808
AD, 3 generations (7)	AD	three_gen	noisy, missing ignored	30	1	27	26	19178.571428571428	747.0	1.5481475169999612
AD, 3 generations (7)	AD	three_gen	noisy, missing ignored	31	1	34	33	19479.85714285714	764.4285714285714	1.5736162980000472
AD, 3 generations (7)	AD	three_gen	noisy, missing ignored	32	1	23	22	19368.714285714286	729.7142857142857	1.4537948680000454
AD, 3 generations (7)	AD	three_gen	noisy, missing ignored	33	0	23	23	19481.285714285714	757.2857142857143	1.5342218629999707
AD, 3 generations (7)	AD	three_gen	noisy, missing ignored	34	1	26	25	19357.14285714286	743.5714285714286	1.430071367000096
AD, 3 generations (7)	AD	three_gen	noisy, missing ignored	35	1	24	23	19041.714285714286	730.8571428571429	1.4522585910000316
AD, 3 generations (7)	AD	three_gen	noisy, missing ignored	36	1	30	29	19415.714285714286	783.2857142857143	1.4832635079999363
AD, 3 generations (7)	AD	three_gen	noisy, missing ignored	37	1	26	25	19345.85714285714	757.8571428571429	1.3746963550000828
AD, 3 generations (7)	AD	three_gen	noisy, missing ignored	38	1	28	27	19294.571428571428	734.7142857142857	1.4730845990000034
AD, 3 generations (7)	AD	three_gen	noisy, missing ignored	39	1	34	33	19333.428571428572	763.4285714285714	1.6475570029999744
AD, 3 generations (7)	AD	three_gen	noisy, missing ignored	40	1	21	20	19278.85714285714	736.7142857142857	1.3408296180000434
AD, 3 generations (7)	AD	three_gen	noisy, missing ignored	41	1	33	32	19222.285714285714	731.5714285714286	1.480712275999963
AD, 3 generations (7)	AD	three_gen	noisy, missing ignored	42	1	24	23	19375.0	748.1428571428571	1.3643179040000177
AD, 3 generations (7)	AD	three_gen	noisy, missing ignored	43	1	25	24	19235.714285714286	776.5714285714286	1.3695716719998927
AD, 3 generations (7)	AD	three_gen	noisy, missing ignored	44	1	31	30	19435.0	776.0	1.4315747570000212
AD, 3 generations (7)	AD	three_gen	noisy, missing ignored	45	1	35	34	19568.428571428572	751.5714285714286	1.4730758519999654
AD, 3 generations (7)	AD	three_gen	noisy, missing ignored	46	1	31	30	19144.14285714286	759.7142857142857	1.3942318769999247
AD, 3 generations (7)	AD	three_gen	noisy, missing ignored	47	1	24	23	19319.714285714286	765.5714285714286	1.5047407179999936
AD, 3 generations (7)	AD	three_gen	noisy, missing ignored	48	1	24	23	19280.428571428572	751.5714285714286	1.3416742110000541
AD, 3 generations (7)	AD	three_gen	noisy, missing ignored	49	1	28	27	19160.285714285714	769.0	1.4248441570000523
AR hom, trio	AR	trio	error-free	0	1	3	2	18911.333333333332	476.6666666666667	0.7878410930000044
AR hom, trio	AR	trio	error-free	1	1	3	2	18973.333333333332	445.6666666666667	0.7802130339999991
AR hom, trio	AR	trio	error-free	2	1	2	1	18838.666666666668	457.0	0.8477081820000052
AR hom, trio	AR	trio	error-free	3	1	2	1	18877.666666666668	448.6666666666667	0.8137410260000024
AR hom, trio	AR	trio	error-free	4	1	2	1	18967.666666666668	445.6666666666667	1.3416396379999966
AR hom, trio	AR	trio	error-free	5	1	2	1	18770.333333333332	441.6666666666667	1.5588368879999877
AR hom, trio	AR	trio	error-free	6	1	1	0	18819.333333333332	454.3333333333333	1.1054462230000013
AR hom, trio	AR	trio	error-free	7	1	2	1	18840.333333333332	438.0	0.8025300070000014
AR hom, trio	AR	trio	error-free	8	1	4	3	19058.666666666668	448.3333333333333	0.7520223300000026
AR hom, trio	AR	trio	error-free	9	1	1	0	18920.0	432.3333333333333	0.7246337639999894
AR hom, trio	AR	trio	error-free	10	1	2	1	18950.333333333332	434.3333333333333	0.9073927820000023
AR hom, trio	AR	trio	error-free	11	1	1	0	19102.333333333332	429.3333333333333	0.9735547610000026
AR hom, trio	AR	trio	error-free	12	1	3	2	18912.0	445.0	0.7292037019999924
AR hom, trio	AR	trio	error-free	13	1	2	1	18838.0	417.0	0.8165853969999972
AR hom, trio	AR	trio	error-free	14	1	2	1	18860.333333333332	425.6666666666667	0.7808578220000015
AR hom, trio	AR	trio	error-free	15	1	1	0	19048.333333333332	487.0	0.8508688529999944
AR hom, trio	AR	trio	error-free	16	1	1	0	19019.666666666668	455.6666666666667	0.7358335609999926
AR hom, trio	AR	trio	error-free	17	1	3	2	18745.0	457.3333333333333	0.7830522160000015
AR hom, trio	AR	trio	error-free	18	1	5	4	18974.333333333332	431.0	0.7235958140000065
AR hom, trio	AR	trio	error-free	19	1	1	0	19069.666666666668	463.0	0.8013607720000095
AR hom, trio	AR	trio	error-free	20	1	2	1	18834.666666666668	438.0	1.085300654000008
AR hom, trio	AR	trio	error-free	21	1	1	0	19061.0	436.0	0.6954568159999894
AR hom, trio	AR	trio	error-free	22	1	2	1	19078.0	433.0	0.7732073250000155
AR hom, trio	AR	trio	error-free	23	1	3	2	18850.333333333332	445.3333333333333	1.0234923509999874
AR hom, trio	AR	trio	error-free	24	1	3	2	18892.333333333332	437.6666666666667	0.7864356640000096
AR hom, trio	AR	trio	error-free	25	1	1	0	18917.333333333332	456.3333333333333	0.7309347739999907
AR hom, trio	AR	trio	error-free	26	1	1	0	19072.333333333332	434.6666666666667	0.834449592999988
AR hom, trio	AR	trio	error-free	27	1	1	0	18731.333333333332	466.6666666666667	0.7632652279999945
AR hom, trio	AR	trio	error-free	28	1	2	1	19116.666666666668	442.6666666666667	0.8546839309999825
AR hom, trio	AR	trio	error-free	29	1	4	3	19012.0	441.0	1.3074179950000087
AR hom, trio	AR	trio	error-free	30	1	2	1	18909.0	434.6666666666667	0.8164792000000034
AR hom, trio	AR	trio	error-free	31	1	2	1	18934.666666666668	448.6666666666667	1.0655522570000073
AR hom, trio	AR	trio	error-free	32	1	1	0	19160.333333333332	462.6666666666667	0.8604151450000188
AR hom, trio	AR	trio	error-free	33	1	1	0	18841.333333333332	443.6666666666667	0.919671300999994
AR hom, trio	AR	trio	error-free	34	1	1	0	18927.333333333332	464.6666666666667	0.8666661179999835
AR hom, trio	AR	trio	error-free	35	1	1	0	18883.0	437.0	0.827462340000011
AR hom, trio	AR	trio	error-free	36	1	1	0	18772.333333333332	435.0	0.8020837330000177
AR hom, trio	AR	trio	error-free	37	1	1	0	18845.333333333332	461.6666666666667	0.9556870320000144
AR hom, trio	AR	trio	error-free	38	1	1	0	18953.333333333332	459.6666666666667	0.8179692260000024
AR hom, trio	AR	trio	error-free	39	1	2	1	19059.333333333332	440.6666666666667	0.9157098830000052
AR hom, trio	AR	trio	error-free	40	1	2	1	18798.0	458.3333333333333	0.809464921
AR hom, trio	AR	trio	error-free	41	1	2	1	19131.333333333332	441.6666666666667	1.0032056080000018
AR hom, trio	AR	trio	error-free	42	1	3	2	18937.666666666668	470.6666666666667	0.7004088489999845
AR hom, trio	AR	trio	error-free	43	1	1	0	18705.0	450.6666666666667	0.7428156380000246
AR hom, trio	AR	trio	error-free	44	1	2	1	18988.333333333332	442.6666666666667	0.7257564980000097
AR hom, trio	AR	trio	error-free	45	1	1	0	19007.333333333332	424.3333333333333	0.7585877790000097
AR hom, trio	AR	trio	error-free	46	1	2	1	18939.666666666668	425.3333333333333	0.9312208489999989
AR hom, trio	AR	trio	error-free	47	1	3	2	18933.333333333332	428.3333333333333	0.8194455869999899
AR hom, trio	AR	trio	error-free	48	1	2	1	18831.333333333332	445.0	0.8306305720000182
AR hom, trio	AR	trio	error-free	49	1	2	1	18755.333333333332	462.6666666666667	0.9517758780000065
AR hom, trio	AR	trio	noisy	0	1	1	0	19276.333333333332	732.3333333333334	1.1241264589999957
AR hom, trio	AR	trio	noisy	1	1	3	2	19577.0	750.0	0.8183211799999981
AR hom, trio	AR	trio	noisy	2	1	1	0	19293.0	777.0	0.7670525089999956
AR hom, trio	AR	trio	noisy	3	1	2	1	19359.333333333332	743.6666666666666	0.7358480530000122
AR hom, trio	AR	trio	noisy	4	1	4	3	19281.0	766.6666666666666	0.8738186040000073
AR hom, trio	AR	trio	noisy	5	1	1	0	19315.0	745.6666666666666	0.7469318109999676
AR hom, trio	AR	trio	noisy	6	1	3	2	19478.666666666668	784.3333333333334	0.8039466569999831
AR hom, trio	AR	trio	noisy	7	1	2	1	19163.666666666668	754.6666666666666	0.804596838000009
AR hom, trio	AR	trio	noisy	8	1	5	4	19123.0	770.0	0.8463449430000196
AR hom, trio	AR	trio	noisy	9	0	1	1	19263.666666666668	737.0	0.7696261019999611
AR hom, trio	AR	trio	noisy	10	1	1	0	19377.666666666668	756.3333333333334	1.0968711319999898
AR hom, trio	AR	trio	noisy	11	1	1	0	19372.333333333332	767.6666666666666	0.7743483969999829
AR hom, trio	AR	trio	noisy	12	1	2	1	19348.0	788.3333333333334	0.7778255919999992
AR hom, trio	AR	trio	noisy	13	1	1	0	19153.666666666668	752.3333333333334	0.7599916600000256
AR hom, trio	AR	trio	noisy	14	1	1	0	19355.666666666668	759.3333333333334	1.0739809169999717
AR hom, trio	AR	trio	noisy	15	1	3	2	19320.333333333332	719.0	0.7625610530000131
AR hom, trio	AR	trio	noisy	16	1	1	0	19370.666666666668	773.3333333333334	0.754448664999984
AR hom, trio	AR	trio	noisy	17	1	1	0	19104.666666666668	723.3333333333334	0.7407608020000112
AR hom, trio	AR	trio	noisy	18	1	1	0	19182.666666666668	736.6666666666666	0.833155142999999
AR hom, trio	AR	trio	noisy	19	1	2	1	19294.333333333332	767.6666666666666	0.7870887619999962
AR hom, trio	AR	trio	noisy	20	1	2	1	19164.333333333332	733.3333333333334	0.8638181160000045
AR hom, trio	AR	trio	noisy	21	1	1	0	19373.333333333332	771.6666666666666	1.3342081320000148
AR hom, trio	AR	trio	noisy	22	0	0	0	19446.0	748.3333333333334	0.7839425169999572
AR hom, trio	AR	trio	noisy	23	1	2	1	19364.0	766.3333333333334	0.9179260860000227
AR hom, trio	AR	trio	noisy	24	1	3	2	19370.666666666668	792.3333333333334	0.8124007090000305
AR hom, trio	AR	trio	noisy	25	1	1	0	19292.0	751.6666666666666	1.1884498249999638
AR hom, trio	AR	trio	noisy	26	1	1	0	19299.666666666668	751.0	0.749828033999961
AR hom, trio	AR	trio	noisy	27	1	3	2	19237.666666666668	735.0	0.8188710389999869
AR hom, trio	AR	trio	noisy	28	1	2	1	19437.333333333332	736.0	0.8088692179999839
AR hom, trio	AR	trio	noisy	29	1	2	1	19323.333333333332	770.0	0.7935371450000162
AR hom, trio	AR	trio	noisy	30	1	1	0	19217.666666666668	717.6666666666666	0.8831507499999702
AR hom, trio	AR	trio	noisy	31	1	2	1	19536.0	736.3333333333334	0.7754627099999993
AR hom, trio	AR	trio	noisy	32	1	2	1	19301.0	744.6666666666666	0.9189346610000371
AR hom, trio	AR	trio	noisy	33	0	0	0	19386.666666666668	772.3333333333334	0.8644127100000105
AR hom, trio	AR	trio	noisy	34	1	1	0	19428.666666666668	775.3333333333334	0.8096618220000096
AR hom, trio	AR	trio	noisy	35	1	4	3	19262.333333333332	746.6666666666666	1.1127439470000127
AR hom, trio	AR	trio	noisy	36	1	1	0	19269.666666666668	758.6666666666666	1.0453321669999696
AR hom, trio	AR	trio	noisy	37	1	2	1	19393.333333333332	727.3333333333334	1.167740393000031
AR hom, trio	AR	trio	noisy	38	0	0	0	19306.666666666668	764.0	0.8353773189999742
AR hom, trio	AR	trio	noisy	39	1	4	3	19279.666666666668	760.6666666666666	0.8296508299999914
AR hom, trio	AR	trio	noisy	40	1	3	2	19249.333333333332	746.3333333333334	0.9542846170000416
AR hom, trio	AR	trio	noisy	41	0	0	0	19086.0	750.6666666666666	1.1121599890000198
AR hom, trio	AR	trio	noisy	42	1	3	2	19213.0	740.3333333333334	0.9669244130000152
AR hom, trio	AR	trio	noisy	43	1	3	2	19183.0	764.3333333333334	0.8047450660000095
AR hom, trio	AR	trio	noisy	44	1	1	0	19440.666666666668	772.3333333333334	0.9811877369999706
AR hom, trio	AR	trio	noisy	45	1	2	1	19047.333333333332	785.3333333333334	0.8484350519999566
AR hom, trio	AR	trio	noisy	46	1	1	0	19227.666666666668	739.6666666666666	1.0244204979999836
AR hom, trio	AR	trio	noisy	47	1	2	1	19491.0	748.0	0.7698483390000206
AR hom, trio	AR	trio	noisy	48	1	1	0	19288.0	757.3333333333334	0.8171722709999472
AR hom, trio	AR	trio	noisy	49	1	4	3	19119.333333333332	764.0	0.8408139900000151
AR hom, trio	AR	trio	noisy, missing ignored	0	1	1	0	19418.333333333332	771.0	0.8169917079999891
AR hom, trio	AR	trio	noisy, missing ignored	1	1	4	3	19197.0	733.6666666666666	0.787860591000026
AR hom, trio	AR	trio	noisy, missing ignored	2	1	1	0	19488.666666666668	759.0	0.8465615559999833
AR hom, trio	AR	trio	noisy, missing ignored	3	1	1	0	19311.333333333332	721.6666666666666	0.810606655000015
AR hom, trio	AR	trio	noisy, missing ignored	4	1	2	1	19121.333333333332	739.3333333333334	0.7048804239999527
AR hom, trio	AR	trio	noisy, missing ignored	5	1	1	0	19371.333333333332	780.0	1.094762444999958
AR hom, trio	AR	trio	noisy, missing ignored	6	1	2	1	19370.333333333332	777.0	0.7489204149999864
AR hom, trio	AR	trio	noisy, missing ignored	7	1	2	1	19250.0	799.6666666666666	0.7329258439999649
AR hom, trio	AR	trio	noisy, missing ignored	8	1	2	1	19206.333333333332	726.0	0.9598837629999935
AR hom, trio	AR	trio	noisy, missing ignored	9	1	2	1	19370.0	758.3333333333334	0.793893842999978
AR hom, trio	AR	trio	noisy, missing ignored	10	1	3	2	19295.333333333332	712.6666666666666	0.8420965509999974
AR hom, trio	AR	trio	noisy, missing ignored	11	1	3	2	19222.0	768.0	0.7825510490000056
AR hom, trio	AR	trio	noisy, missing ignored	12	1	2	1	19061.333333333332	779.0	0.7200520589999542
AR hom, trio	AR	trio	noisy, missing ignored	13	1	1	0	19382.666666666668	725.3333333333334	1.1588101860000393
AR hom, trio	AR	trio	noisy, missing ignored	14	1	3	2	19043.666666666668	760.3333333333334	0.753644654000027
AR hom, trio	AR	trio	noisy, missing ignored	15	1	2	1	19373.0	750.0	0.7619628379999881
AR hom, trio	AR	trio	noisy, missing ignored	16	1	1	0	19031.666666666668	740.0	0.9407615920000012
AR hom, trio	AR	trio	noisy, missing ignored	17	1	2	1	19258.0	777.6666666666666	1.0236829000000398
AR hom, trio	AR	trio	noisy, missing ignored	18	1	3	2	19315.0	782.3333333333334	0.9740542110000092
AR hom, trio	AR	trio	noisy, missing ignored	19	1	2	1	19535.333333333332	776.0	0.7602407269999958
AR hom, trio	AR	trio	noisy, missing ignored	20	1	2	1	19246.666666666668	745.3333333333334	0.9313133019999782
AR hom, trio	AR	trio	noisy, missing ignored	21	1	2	1	19180.333333333332	766.6666666666666	0.7920391609999342
AR hom, trio	AR	trio	noisy, missing ignored	22	1	1	0	19339.666666666668	730.6666666666666	1.0766330959999095
AR hom, trio	AR	trio	noisy, missing ignored	23	1	3	2	19120.0	731.6666666666666	0.7336688259999846
AR hom, trio	AR	trio	noisy, missing ignored	24	1	1	0	19202.0	745.6666666666666	0.8392100250000567
AR hom, trio	AR	trio	noisy, missing ignored	25	1	1	0	19192.333333333332	763.6666666666666	0.7301697059999697
AR hom, trio	AR	trio	noisy, missing ignored	26	1	3	2	19270.333333333332	743.3333333333334	0.7674949180000112
AR hom, trio	AR	trio	noisy, missing ignored	27	1	2	1	19168.666666666668	776.0	0.7989295610000227
AR hom, trio	AR	trio	noisy, missing ignored	28	1	2	1	19246.0	732.0	1.0259808590000148
AR hom, trio	AR	trio	noisy, missing ignored	29	1	2	1	19440.0	775.0	0.7529818770000247
AR hom, trio	AR	trio	noisy, missing ignored	30	1	1	0	19210.0	734.0	0.8119850919999863
AR hom, trio	AR	trio	noisy, missing ignored	31	1	1	0	19344.0	753.6666666666666	0.7397036129999606
AR hom, trio	AR	trio	noisy, missing ignored	32	1	2	1	19255.666666666668	779.6666666666666	1.0419154730000173
AR hom, trio	AR	trio	noisy, missing ignored	33	1	2	1	19321.0	758.3333333333334	0.9107754469999918
AR hom, trio	AR	trio	noisy, missing ignored	34	1	2	1	19361.333333333332	746.0	0.9595743900000571
AR hom, trio	AR	trio	noisy, missing ignored	35	1	3	2	19205.333333333332	801.3333333333334	0.9825032640000018
AR hom, trio	AR	trio	noisy, missing ignored	36	1	1	0	19318.666666666668	778.3333333333334	0.8651583150000306
AR hom, trio	AR	trio	noisy, missing ignored	37	1	1	0	19359.333333333332	761.6666666666666	0.7516070210000407
AR hom, trio	AR	trio	noisy, missing ignored	38	1	1	0	19206.333333333332	739.3333333333334	0.733666994000032
AR hom, trio	AR	trio	noisy, missing ignored	39	1	2	1	19404.0	755.3333333333334	0.8941352459999052
AR hom, trio	AR	trio	noisy, missing ignored	40	1	2	1	19386.0	761.0	0.8646331600000394
AR hom, trio	AR	trio	noisy, missing ignored	41	1	2	1	19144.333333333332	785.0	0.7703188220000357
AR hom, trio	AR	trio	noisy, missing ignored	42	1	1	0	19286.333333333332	741.3333333333334	0.9598151529999086
AR hom, trio	AR	trio	noisy, missing ignored	43	1	1	0	19125.0	758.6666666666666	0.847964692000005
AR hom, trio	AR	trio	noisy, missing ignored	44	1	3	2	19198.666666666668	749.6666666666666	0.7735629359999621
AR hom, trio	AR	trio	noisy, missing ignored	45	1	1	0	19222.0	748.6666666666666	0.7615960619999669
AR hom, trio	AR	trio	noisy, missing ignored	46	1	1	0	19188.666666666668	734.0	0.725882619999993
AR hom, trio	AR	trio	noisy, missing ignored	47	1	2	1	19337.666666666668	760.3333333333334	0.9015489249999291
AR hom, trio	AR	trio	noisy, missing ignored	48	1	2	1	19321.666666666668	728.3333333333334	0.7957519420000381
AR hom, trio	AR	trio	noisy, missing ignored	49	1	1	0	19365.333333333332	744.6666666666666	1.0217485409999654
AR hom, quartet	AR	quartet	error-free	0	1	1	0	18844.25	444.5	0.9271364559999711
AR hom, quartet	AR	quartet	error-free	1	1	2	1	18999.0	459.0	0.8429059870001083
AR hom, quartet	AR	quartet	error-free	2	1	2	1	18954.0	449.25	0.9902562009999656
AR hom, quartet	AR	quartet	error-free	3	1	1	0	19210.75	491.0	0.9337125069999956
AR hom, quartet	AR	quartet	error-free	4	1	1	0	18967.25	455.5	1.123238211999933
AR hom, quartet	AR	quartet	error-free	5	1	1	0	18922.25	449.5	0.9840007689999766
AR hom, quartet	AR	quartet	error-free	6	1	1	0	19048.75	451.0	0.9184187739999743
AR hom, quartet	AR	quartet	error-free	7	1	1	0	19002.25	436.25	0.9753345500000705
AR hom, quartet	AR	quartet	error-free	8	1	2	1	18899.5	470.25	0.8739050609999595
AR hom, quartet	AR	quartet	error-free	9	1	2	1	18979.25	444.75	0.8733351480000238
AR hom, quartet	AR	quartet	error-free	10	1	2	1	18960.5	430.5	0.8641573339999695
AR hom, quartet	AR	quartet	error-free	11	1	2	1	18943.5	436.25	1.0868976289999637
AR hom, quartet	AR	quartet	error-free	12	1	2	1	18947.5	454.25	0.8661158579999437
AR hom, quartet	AR	quartet	error-free	13	1	1	0	19004.0	454.75	0.9418758879999132
AR hom, quartet	AR	quartet	error-free	14	1	2	1	19008.25	469.25	0.9002618990000428
AR hom, quartet	AR	quartet	error-free	15	1	3	2	18967.0	447.75	0.9076064570000426
AR hom, quartet	AR	quartet	error-free	16	1	2	1	19238.0	462.25	0.9265862129999505
AR hom, quartet	AR	quartet	error-free	17	1	1	0	18998.25	488.5	0.833336982999981
AR hom, quartet	AR	quartet	error-free	18	1	1	0	19071.5	498.75	1.1055848359999345
AR hom, quartet	AR	quartet	error-free	19	1	3	2	19090.75	465.75	1.1682604640000136
AR hom, quartet	AR	quartet	error-free	20	1	1	0	18930.25	450.75	1.1567354090000208
AR hom, quartet	AR	quartet	error-free	21	1	2	1	19141.25	455.75	0.9885296340000878
AR hom, quartet	AR	quartet	error-free	22	1	2	1	18842.25	419.0	0.9853235140000152
AR hom, quartet	AR	quartet	error-free	23	1	2	1	19220.0	464.0	0.903828970999939
AR hom, quartet	AR	quartet	error-free	24	1	2	1	19251.0	460.75	0.9161968379999053
AR hom, quartet	AR	quartet	error-free	25	1	2	1	19014.5	445.25	0.9438750059999848
AR hom, quartet	AR	quartet	error-free	26	1	1	0	18963.75	443.5	1.015765923999993
AR hom, quartet	AR	quartet	error-free	27	1	1	0	19045.0	458.25	0.8681852000000845
AR hom, quartet	AR	quartet	error-free	28	1	1	0	18978.25	472.0	0.8636589120000053
AR hom, quartet	AR	quartet	error-free	29	1	1	0	19015.5	449.25	0.8926572240000041
AR hom, quartet	AR	quartet	error-free	30	1	1	0	19054.75	467.75	0.9451346370000238
AR hom, quartet	AR	quartet	error-free	31	1	2	1	18971.5	436.0	1.028305113999977
AR hom, quartet	AR	quartet	error-free	32	1	2	1	18877.0	447.25	0.9043714090000776
AR hom, quartet	AR	quartet	error-free	33	1	1	0	19072.75	452.5	1.0187538049999603
AR hom, quartet	AR	quartet	error-free	34	1	3	2	19037.75	434.75	0.8651956829999108
AR hom, quartet	AR	quartet	error-free	35	1	3	2	18955.5	450.5	1.0755625790000067
AR hom, quartet	AR	quartet	error-free	36	1	1	0	19172.25	448.75	1.03167711399999
AR hom, quartet	AR	quartet	error-free	37	1	2	1	19086.0	455.25	1.0821980240000357
AR hom, quartet	AR	quartet	error-free	38	1	3	2	18910.75	410.75	0.9955223960000694
AR hom, quartet	AR	quartet	error-free	39	1	2	1	18922.0	449.75	0.9824384089999967
AR hom, quartet	AR	quartet	error-free	40	1	3	2	18984.75	451.0	0.9612717940000266
AR hom, quartet	AR	quartet	error-free	41	1	2	1	19189.25	458.75	0.8755811970000877
AR hom, quartet	AR	quartet	error-free	42	1	1	0	18955.5	432.0	0.962418494000076
AR hom, quartet	AR	quartet	error-free	43	1	2	1	19163.25	459.75	1.0795736970000007
AR hom, quartet	AR	quartet	error-free	44	1	1	0	18973.75	453.25	0.895188834999999
AR hom, quartet	AR	quartet	error-free	45	1	1	0	18911.0	439.75	0.9305541190000213
AR hom, quartet	AR	quartet	error-free	46	1	3	2	18886.5	459.25	0.9010459239999591
AR hom, quartet	AR	quartet	error-free	47	1	3	2	19072.75	445.5	1.2390319059999229
AR hom, quartet	AR	quartet	error-free	48	1	1	0	18769.5	463.5	0.9888241769999695
AR hom, quartet	AR	quartet	error-free	49	1	3	2	18861.5	438.5	0.9975485570000728
AR hom, quartet	AR	quartet	noisy	0	1	1	0	19172.5	757.25	0.8974831599999789
AR hom, quartet	AR	quartet	noisy	1	1	1	0	19618.75	751.0	1.1595600040000136
AR hom, quartet	AR	quartet	noisy	2	1	3	2	19194.75	747.0	0.9255766950000179
AR hom, quartet	AR	quartet	noisy	3	1	2	1	19152.5	758.75	1.002580987999977
AR hom, quartet	AR	quartet	noisy	4	1	1	0	19398.25	741.5	0.880338026000004
AR hom, quartet	AR	quartet	noisy	5	1	3	2	19523.75	771.0	0.9332974899999726
AR hom, quartet	AR	quartet	noisy	6	0	0	0	19327.0	745.5	1.0212285279999378
AR hom, quartet	AR	quartet	noisy	7	1	1	0	19341.5	751.25	0.8780776669999568
AR hom, quartet	AR	quartet	noisy	8	1	2	1	19352.75	748.0	1.2068108839999923
AR hom, quartet	AR	quartet	noisy	9	1	1	0	19264.75	775.0	1.1864571250000608
AR hom, quartet	AR	quartet	noisy	10	1	2	1	19391.5	757.75	1.072616026999981
AR hom, quartet	AR	quartet	noisy	11	1	1	0	19485.75	727.0	0.9185864900000524
AR hom, quartet	AR	quartet	noisy	12	1	1	0	19173.5	742.25	1.0624053640000284
AR hom, quartet	AR	quartet	noisy	13	1	1	0	19304.5	767.0	0.8936057490000167
AR hom, quartet	AR	quartet	noisy	14	1	2	1	19428.75	771.75	0.9229782060000389
AR hom, quartet	AR	quartet	noisy	15	1	3	2	19359.0	728.75	0.9559407509999573
AR hom, quartet	AR	quartet	noisy	16	1	1	0	19552.75	755.75	0.9586382330001015
AR hom, quartet	AR	quartet	noisy	17	1	1	0	19269.75	769.5	0.9164672649999375
AR hom, quartet	AR	quartet	noisy	18	1	3	2	19541.0	803.25	0.9991861479999216
AR hom, quartet	AR	quartet	noisy	19	1	1	0	19347.25	781.0	0.8846602679999478
AR hom, quartet	AR	quartet	noisy	20	1	1	0	19366.0	740.5	0.8975932430000739
AR hom, quartet	AR	quartet	noisy	21	1	1	0	19646.25	759.5	0.9954561790000298
AR hom, quartet	AR	quartet	noisy	22	1	3	2	19361.0	786.5	0.9727908059999208
AR hom, quartet	AR	quartet	noisy	23	0	0	0	19396.5	787.5	0.9821806290000268
AR hom, quartet	AR	quartet	noisy	24	1	1	0	19447.25	750.5	0.9389114660000359
AR hom, quartet	AR	quartet	noisy	25	1	3	2	19545.0	753.5	0.9243822900000396
AR hom, quartet	AR	quartet	noisy	26	1	2	1	19298.25	742.25	0.9604986570000165
AR hom, quartet	AR	quartet	noisy	27	1	2	1	19237.5	735.75	1.048728775000086
AR hom, quartet	AR	quartet	noisy	28	1	3	2	19253.0	735.75	1.1680129420000185
AR hom, quartet	AR	quartet	noisy	29	1	1	0	19287.5	778.75	0.9820414260000234
AR hom, quartet	AR	quartet	noisy	30	1	1	0	19254.5	799.25	0.9717658119999442
AR hom, quartet	AR	quartet	noisy	31	1	1	0	19322.25	751.0	0.8861481290000484
AR hom, quartet	AR	quartet	noisy	32	1	1	0	19296.0	752.0	0.8920186690000946
AR hom, quartet	AR	quartet	noisy	33	1	4	3	19359.75	749.25	0.9347832490000201
AR hom, quartet	AR	quartet	noisy	34	0	0	0	19323.0	747.0	0.8680910760000415
AR hom, quartet	AR	quartet	noisy	35	1	1	0	19358.75	743.0	0.9524101509999809
AR hom, quartet	AR	quartet	noisy	36	1	3	2	19255.5	764.5	0.958933628000068
AR hom, quartet	AR	quartet	noisy	37	0	1	1	19543.5	768.75	1.013070694000021
AR hom, quartet	AR	quartet	noisy	38	1	2	1	19205.25	729.25	0.9564611559999321
AR hom, quartet	AR	quartet	noisy	39	1	1	0	19325.0	775.0	1.015066374000071
AR hom, quartet	AR	quartet	noisy	40	1	2	1	19497.25	753.25	1.1033441479999055
AR hom, quartet	AR	quartet	noisy	41	1	1	0	19241.75	763.25	0.8994332900001609
AR hom, quartet	AR	quartet	noisy	42	1	2	1	19325.25	779.5	0.8900836620000518
AR hom, quartet	AR	quartet	noisy	43	1	1	0	19303.5	736.25	0.955246101000057
AR hom, quartet	AR	quartet	noisy	44	0	0	0	19236.25	769.25	0.8434289020001415
AR hom, quartet	AR	quartet	noisy	45	1	3	2	19177.5	762.25	0.9361681079999471
AR hom, quartet	AR	quartet	noisy	46	1	1	0	19331.75	758.0	0.9321533739998813
AR hom, quartet	AR	quartet	noisy	47	1	1	0	19286.5	742.25	1.0499680739999349
AR hom, quartet	AR	quartet	noisy	48	1	3	2	19422.25	784.75	1.0432711240000572
AR hom, quartet	AR	quartet	noisy	49	1	2	1	19206.25	757.5	0.8888411739999356
AR hom, quartet	AR	quartet	noisy, missing ignored	0	1	3	2	19187.5	757.5	0.8991990619999797
AR hom, quartet	AR	quartet	noisy, missing ignored	1	1	4	3	19174.75	759.25	0.9012261999998827
AR hom, quartet	AR	quartet	noisy, missing ignored	2	1	1	0	19281.75	773.75	0.9716476920000332
AR hom, quartet	AR	quartet	noisy, missing ignored	3	1	1	0	19590.5	754.25	1.196562320999874
AR hom, quartet	AR	quartet	noisy, missing ignored	4	1	1	0	19282.75	739.25	0.8879578170001423
AR hom, quartet	AR	quartet	noisy, missing ignored	5	1	2	1	19274.75	750.0	1.0169260489999488
AR hom, quartet	AR	quartet	noisy, missing ignored	6	1	1	0	19417.5	736.5	1.0011119589998998
AR hom, quartet	AR	quartet	noisy, missing ignored	7	1	2	1	19384.5	743.75	0.9371714880001036
AR hom, quartet	AR	quartet	noisy, missing ignored	8	1	2	1	19398.25	754.75	0.8642169810000269
AR hom, quartet	AR	quartet	noisy, missing ignored	9	1	4	3	19335.25	757.25	0.9579691789999742
AR hom, quartet	AR	quartet	noisy, missing ignored	10	1	1	0	19329.0	778.0	0.9361513229998764
AR hom, quartet	AR	quartet	noisy, missing ignored	11	1	2	1	19259.75	698.75	1.0200363930000549
AR hom, quartet	AR	quartet	noisy, missing ignored	12	1	1	0	19347.75	759.0	0.9186655240000619
AR hom, quartet	AR	quartet	noisy, missing ignored	13	1	1	0	19406.5	767.5	0.8905442459999904
AR hom, quartet	AR	quartet	noisy, missing ignored	14	1	2	1	19299.75	746.25	0.9477583160000904
AR hom, quartet	AR	quartet	noisy, missing ignored	15	1	2	1	19308.25	742.5	0.8633610049998879
AR hom, quartet	AR	quartet	noisy, missing ignored	16	1	3	2	19428.5	740.75	0.9855919239998912
AR hom, quartet	AR	quartet	noisy, missing ignored	17	0	0	0	19262.0	771.5	1.0022681680000005
AR hom, quartet	AR	quartet	noisy, missing ignored	18	1	1	0	19604.25	738.75	0.9091750520001369
AR hom, quartet	AR	quartet	noisy, missing ignored	19	1	2	1	19219.5	755.25	0.8985554749999665
AR hom, quartet	AR	quartet	noisy, missing ignored	20	1	5	4	19262.75	772.25	0.9066841599999407
AR hom, quartet	AR	quartet	noisy, missing ignored	21	1	1	0	19329.25	765.25	0.8983819099998982
AR hom, quartet	AR	quartet	noisy, missing ignored	22	1	2	1	19381.25	765.25	0.8974120569998831
AR hom, quartet	AR	quartet	noisy, missing ignored	23	1	3	2	19331.5	768.0	0.8940173529999811
AR hom, quartet	AR	quartet	noisy, missing ignored	24	1	1	0	19308.25	771.75	0.8757298769999124
AR hom, quartet	AR	quartet	noisy, missing ignored	25	1	1	0	19439.75	763.25	0.9301007189999382
AR hom, quartet	AR	quartet	noisy, missing ignored	26	1	4	3	19293.0	795.0	1.0331313379999756
AR hom, quartet	AR	quartet	noisy, missing ignored	27	1	2	1	19550.0	783.25	0.9372517879999123
AR hom, quartet	AR	quartet	noisy, missing ignored	28	1	1	0	19463.25	740.5	0.8926677119998203
AR hom, quartet	AR	quartet	noisy, missing ignored	29	1	1	0	19508.25	756.5	0.9660473940000429
AR hom, quartet	AR	quartet	noisy, missing ignored	30	1	1	0	19260.75	741.0	0.9416480380000394
AR hom, quartet	AR	quartet	noisy, missing ignored	31	1	1	0	19268.75	787.25	0.8913328959999944
AR hom, quartet	AR	quartet	noisy, missing ignored	32	1	2	1	19061.5	738.75	0.9640993269999854
AR hom, quartet	AR	quartet	noisy, missing ignored	33	1	3	2	19127.75	749.5	0.9117304520000289
AR hom, quartet	AR	quartet	noisy, missing ignored	34	1	2	1	19130.25	761.25	0.9553737129999718
AR hom, quartet	AR	quartet	noisy, missing ignored	35	1	1	0	19305.75	799.75	0.9210958099999971
AR hom, quartet	AR	quartet	noisy, missing ignored	36	1	1	0	19169.25	787.25	0.8604411329999948
AR hom, quartet	AR	quartet	noisy, missing ignored	37	1	1	0	19322.5	748.5	0.9724660540000514
AR hom, quartet	AR	quartet	noisy, missing ignored	38	1	1	0	19394.75	752.0	0.969854942999973
AR hom, quartet	AR	quartet	noisy, missing ignored	39	1	2	1	19376.5	774.25	0.9532828920000611
AR hom, quartet	AR	quartet	noisy, missing ignored	40	1	1	0	19280.5	741.5	0.9059534230000281
AR hom, quartet	AR	quartet	noisy, missing ignored	41	1	2	1	19252.25	770.25	0.885083184999985
AR hom, quartet	AR	quartet	noisy, missing ignored	42	1	2	1	19347.25	757.5	0.9311041040000418
AR hom, quartet	AR	quartet	noisy, missing ignored	43	1	2	1	19262.0	724.0	0.9608859470001789
AR hom, quartet	AR	quartet	noisy, missing ignored	44	1	2	1	19265.0	741.0	0.8622089119999146
AR hom, quartet	AR	quartet	noisy, missing ignored	45	1	2	1	19346.75	779.0	0.9180239229999643
AR hom, quartet	AR	quartet	noisy, missing ignored	46	1	1	0	19239.25	737.75	1.0505942229999619
AR hom, quartet	AR	quartet	noisy, missing ignored	47	1	1	0	19428.0	761.25	0.9296151820001342
AR hom, quartet	AR	quartet	noisy, missing ignored	48	1	2	1	19283.0	744.0	0.9079233150000618
AR hom, quartet	AR	quartet	noisy, missing ignored	49	1	1	0	19329.0	783.5	0.9957461419999163
Comp. het, trio	CH	trio	error-free	0	1	4	2	19162.333333333332	469.6666666666667	0.7519887739999831
Comp. het, trio	CH	trio	error-free	1	1	4	2	18850.0	452.3333333333333	0.7490651989999151
Comp. het, trio	CH	trio	error-free	2	1	2	0	18857.333333333332	402.6666666666667	0.7795310809999592
Comp. het, trio	CH	trio	error-free	3	1	4	2	19040.333333333332	469.3333333333333	0.699843163000196
Comp. het, trio	CH	trio	error-free	4	1	2	0	18898.666666666668	461.0	0.6962827869999728
Comp. het, trio	CH	trio	error-free	5	1	4	2	18895.666666666668	450.0	0.8000945080000292
Comp. het, trio	CH	trio	error-free	6	1	4	2	18975.333333333332	455.6666666666667	0.7631160670000554
Comp. het, trio	CH	trio	error-free	7	1	4	2	19048.666666666668	427.6666666666667	0.9825404069999877
Comp. het, trio	CH	trio	error-free	8	1	2	0	19099.0	448.6666666666667	0.7171631159999379
Comp. het, trio	CH	trio	error-free	9	1	6	4	18949.333333333332	470.0	0.7823684830000275
Comp. het, trio	CH	trio	error-free	10	1	2	0	18835.666666666668	418.3333333333333	0.7360674320000271
Comp. het, trio	CH	trio	error-free	11	1	4	2	18939.666666666668	447.0	0.8006219039998541
Comp. het, trio	CH	trio	error-free	12	1	4	2	18788.333333333332	476.3333333333333	0.8870425400000386
Comp. het, trio	CH	trio	error-free	13	1	8	6	19004.0	438.0	0.809791486999984
Comp. het, trio	CH	trio	error-free	14	1	4	2	18971.666666666668	417.6666666666667	0.7714722440000514
Comp. het, trio	CH	trio	error-free	15	1	2	0	18946.666666666668	449.3333333333333	0.7260193299998718
Comp. het, trio	CH	trio	error-free	16	1	4	2	18853.666666666668	458.3333333333333	1.0066579269998783
Comp. het, trio	CH	trio	error-free	17	1	2	0	19135.333333333332	445.3333333333333	0.9005355290000807
Comp. het, trio	CH	trio	error-free	18	1	2	0	18964.0	455.3333333333333	0.8392917799999395
Comp. het, trio	CH	trio	error-free	19	1	2	0	18955.0	454.0	0.9342974900000627
Comp. het, trio	CH	trio	error-free	20	1	6	4	18886.333333333332	438.6666666666667	0.7838082240000404
Comp. het, trio	CH	trio	error-free	21	1	2	0	18882.0	432.0	0.7198615830000108
Comp. het, trio	CH	trio	error-free	22	1	4	2	19121.333333333332	461.0	0.7938614220001909
Comp. het, trio	CH	trio	error-free	23	1	2	0	19063.333333333332	431.0	0.7301878900000247
Comp. het, trio	CH	trio	error-free	24	1	2	0	18926.666666666668	434.6666666666667	0.7141315219998887
Comp. het, trio	CH	trio	error-free	25	1	2	0	19125.666666666668	452.0	0.7121698580001521
Comp. het, trio	CH	trio	error-free	26	1	2	0	18899.333333333332	458.0	0.7355737150001005
Comp. het, trio	CH	trio	error-free	27	1	2	0	18912.666666666668	451.3333333333333	0.7861683529999937
Comp. het, trio	CH	trio	error-free	28	1	2	0	18987.0	450.3333333333333	0.8706702230001611
Comp. het, trio	CH	trio	error-free	29	1	2	0	18827.333333333332	447.3333333333333	0.7779250659998524
Comp. het, trio	CH	trio	error-free	30	1	2	0	18818.333333333332	447.3333333333333	0.810976336000067
Comp. het, trio	CH	trio	error-free	31	1	4	2	19019.333333333332	472.6666666666667	0.8525283280000622
Comp. het, trio	CH	trio	error-free	32	1	2	0	18918.666666666668	431.0	0.7686031559999265
Comp. het, trio	CH	trio	error-free	33	1	4	2	19031.333333333332	449.0	0.9218991689999712
Comp. het, trio	CH	trio	error-free	34	1	4	2	19021.0	443.6666666666667	0.7135113679998994
Comp. het, trio	CH	trio	error-free	35	1	2	0	19150.0	447.6666666666667	0.807012560999965
Comp. het, trio	CH	trio	error-free	36	1	2	0	19057.666666666668	414.3333333333333	0.9121076080000421
Comp. het, trio	CH	trio	error-free	37	1	6	4	19013.666666666668	429.0	0.7001940329998888
Comp. het, trio	CH	trio	error-free	38	1	2	0	18983.333333333332	448.6666666666667	0.776609315000087
Comp. het, trio	CH	trio	error-free	39	1	2	0	19062.0	450.0	1.064258400999961
Comp. het, trio	CH	trio	error-free	40	1	2	0	18988.333333333332	452.0	0.8334795739999663
Comp. het, trio	CH	trio	error-free	41	1	4	2	18928.333333333332	457.3333333333333	0.7768014379998931
Comp. het, trio	CH	trio	error-free	42	1	2	0	19180.0	480.0	1.0016495669999586
Comp. het, trio	CH	trio	error-free	43	1	4	2	18984.0	434.0	0.7137422020000486
Comp. het, trio	CH	trio	error-free	44	1	2	0	18833.0	473.0	0.7335805459999847
Comp. het, trio	CH	trio	error-free	45	1	6	4	18965.333333333332	449.3333333333333	0.7714929409999058
Comp. het, trio	CH	trio	error-free	46	1	6	4	18847.0	447.6666666666667	0.7317809630001193
Comp. het, trio	CH	trio	error-free	47	1	2	0	19072.0	465.0	0.8933667559999776
Comp. het, trio	CH	trio	error-free	48	1	2	0	19215.333333333332	443.6666666666667	1.0001014089998534
Comp. het, trio	CH	trio	error-free	49	1	2	0	18906.666666666668	447.0	0.7798277169999892
Comp. het, trio	CH	trio	noisy	0	1	4	2	19109.0	734.3333333333334	0.7763085099998079
Comp. het, trio	CH	trio	noisy	1	1	2	0	19244.333333333332	740.3333333333334	1.0259231529998942
Comp. het, trio	CH	trio	noisy	2	1	2	0	19489.333333333332	774.6666666666666	0.7513089179999497
Comp. het, trio	CH	trio	noisy	3	1	2	0	19203.333333333332	753.0	0.7893703660001847
Comp. het, trio	CH	trio	noisy	4	1	6	4	19232.0	767.3333333333334	0.8076933359998293
Comp. het, trio	CH	trio	noisy	5	1	2	0	19116.0	755.3333333333334	0.7888720419998663
Comp. het, trio	CH	trio	noisy	6	1	2	0	19513.0	758.0	0.8357579599999099
Comp. het, trio	CH	trio	noisy	7	0	0	0	19381.666666666668	746.3333333333334	0.7971958980001546
Comp. het, trio	CH	trio	noisy	8	1	2	0	19417.666666666668	779.0	0.9869552229999954
Comp. het, trio	CH	trio	noisy	9	1	2	0	19200.333333333332	779.0	0.7326993739998215
Comp. het, trio	CH	trio	noisy	10	1	4	2	19323.666666666668	769.6666666666666	0.7371661729998777
Comp. het, trio	CH	trio	noisy	11	1	4	2	19490.0	791.6666666666666	0.777249976000121
Comp. het, trio	CH	trio	noisy	12	1	4	2	19312.666666666668	778.3333333333334	0.7761273829999027
Comp. het, trio	CH	trio	noisy	13	1	4	2	19252.333333333332	755.6666666666666	0.8400898300001245
Comp. het, trio	CH	trio	noisy	14	1	4	2	19242.0	754.6666666666666	1.08059718100003
Comp. het, trio	CH	trio	noisy	15	1	4	2	19399.666666666668	791.3333333333334	0.6967264899999464
Comp. het, trio	CH	trio	noisy	16	1	4	2	19133.0	740.6666666666666	0.7799754559998746
Comp. het, trio	CH	trio	noisy	17	1	2	0	19314.0	743.6666666666666	0.8031375129999105
Comp. het, trio	CH	trio	noisy	18	1	2	0	19183.333333333332	790.0	0.7896150720000605
Comp. het, trio	CH	trio	noisy	19	1	6	4	19131.0	791.6666666666666	0.8394309999998768
Comp. het, trio	CH	trio	noisy	20	1	2	0	19365.0	766.3333333333334	0.7812204859999383
Comp. het, trio	CH	trio	noisy	21	1	2	0	19346.666666666668	731.3333333333334	0.7948690749999514
Comp. het, trio	CH	trio	noisy	22	1	4	2	19112.333333333332	767.0	0.8092963079998299
Comp. het, trio	CH	trio	noisy	23	1	2	0	19525.0	747.0	0.910610275999943
Comp. het, trio	CH	trio	noisy	24	1	4	2	19300.666666666668	764.3333333333334	0.8443266209999365
Comp. het, trio	CH	trio	noisy	25	0	2	2	19275.666666666668	736.3333333333334	0.8686411179999141
Comp. het, trio	CH	trio	noisy	26	0	0	0	19080.333333333332	792.6666666666666	0.7844763719999719
Comp. het, trio	CH	trio	noisy	27	1	4	2	19303.666666666668	757.0	1.1692932680000467
Comp. het, trio	CH	trio	noisy	28	0	6	6	19156.666666666668	790.6666666666666	0.7764157799999793
Comp. het, trio	CH	trio	noisy	29	1	2	0	19250.0	761.3333333333334	0.79745374800018
Comp. het, trio	CH	trio	noisy	30	1	4	2	19237.333333333332	751.6666666666666	0.8097265379999499
Comp. het, trio	CH	trio	noisy	31	1	2	0	19235.333333333332	779.6666666666666	0.7748323909997907
Comp. het, trio	CH	trio	noisy	32	1	2	0	19439.333333333332	777.0	0.7800107729999581
Comp. het, trio	CH	trio	noisy	33	1	2	0	19153.666666666668	758.6666666666666	0.8690475050000259
Comp. het, trio	CH	trio	noisy	34	1	2	0	19318.666666666668	757.6666666666666	0.8446974239998326
Comp. het, trio	CH	trio	noisy	35	1	10	8	19230.333333333332	740.6666666666666	0.7424908580001102
Comp. het, trio	CH	trio	noisy	36	1	4	2	19292.0	738.3333333333334	1.0404838480001217
Comp. het, trio	CH	trio	noisy	37	1	2	0	19264.333333333332	748.6666666666666	0.758684133000088
Comp. het, trio	CH	trio	noisy	38	1	2	0	19233.666666666668	772.3333333333334	0.8376158649998615
Comp. het, trio	CH	trio	noisy	39	1	4	2	19427.666666666668	755.6666666666666	0.8560710070000823
Comp. het, trio	CH	trio	noisy	40	1	4	2	19149.666666666668	757.0	0.7375366040000699
Comp. het, trio	CH	trio	noisy	41	1	2	0	19302.666666666668	767.3333333333334	0.833165291999876
Comp. het, trio	CH	trio	noisy	42	1	4	2	19289.333333333332	727.0	0.7160366900000099
Comp. het, trio	CH	trio	noisy	43	1	4	2	19302.333333333332	780.0	0.7827693770000224
Comp. het, trio	CH	trio	noisy	44	1	2	0	19337.666666666668	760.3333333333334	1.0296381369998926
Comp. het, trio	CH	trio	noisy	45	1	4	2	19098.666666666668	713.3333333333334	0.7257263950000379
Comp. het, trio	CH	trio	noisy	46	1	6	4	19237.333333333332	763.0	0.8233312659999683
Comp. het, trio	CH	trio	noisy	47	1	2	0	19215.0	736.3333333333334	0.7527716759998384
Comp. het, trio	CH	trio	noisy	48	1	2	0	19297.0	761.0	0.7877760499998203
Comp. het, trio	CH	trio	noisy	49	1	2	0	19368.0	732.0	0.773545710999997
Comp. het, trio	CH	trio	noisy, missing ignored	0	1	4	2	19324.0	750.0	0.8399196719999509
Comp. het, trio	CH	trio	noisy, missing ignored	1	1	2	0	19444.666666666668	802.3333333333334	0.8653677140000582
Comp. het, trio	CH	trio	noisy, missing ignored	2	1	2	0	19415.666666666668	752.6666666666666	0.8392953210000087
Comp. het, trio	CH	trio	noisy, missing ignored	3	1	8	6	19306.666666666668	739.6666666666666	0.7236340519998521
Comp. het, trio	CH	trio	noisy, missing ignored	4	1	2	0	19250.0	782.3333333333334	0.75299476400005
Comp. het, trio	CH	trio	noisy, missing ignored	5	1	2	0	19381.666666666668	751.0	0.7819767570001659
Comp. het, trio	CH	trio	noisy, missing ignored	6	1	4	2	19092.333333333332	774.6666666666666	0.8212758370000302
Comp. het, trio	CH	trio	noisy, missing ignored	7	1	4	2	19233.333333333332	730.0	0.7563766579999083
Comp. het, trio	CH	trio	noisy, missing ignored	8	1	2	0	19257.0	778.6666666666666	0.7350348810000469
Comp. het, trio	CH	trio	noisy, missing ignored	9	1	2	0	19432.0	761.6666666666666	0.7653666520000115
Comp. het, trio	CH	trio	noisy, missing ignored	10	1	2	0	19244.333333333332	779.0	0.7564426950000325
Comp. het, trio	CH	trio	noisy, missing ignored	11	1	6	4	19221.666666666668	757.3333333333334	0.7276732919999631
Comp. het, trio	CH	trio	noisy, missing ignored	12	1	2	0	19180.0	746.6666666666666	0.8027472029998535
Comp. het, trio	CH	trio	noisy, missing ignored	13	1	8	6	19266.333333333332	735.6666666666666	0.837038806999999
Comp. het, trio	CH	trio	noisy, missing ignored	14	1	4	2	19208.333333333332	743.6666666666666	0.7549322980000852
Comp. het, trio	CH	trio	noisy, missing ignored	15	1	4	2	19550.333333333332	762.0	1.070802803000106
Comp. het, trio	CH	trio	noisy, missing ignored	16	1	4	2	19487.666666666668	766.3333333333334	0.9866427849999582
Comp. het, trio	CH	trio	noisy, missing ignored	17	1	4	2	19362.666666666668	765.3333333333334	0.8059620530000302
Comp. het, trio	CH	trio	noisy, missing ignored	18	1	2	0	19412.333333333332	742.3333333333334	0.7443752239998958
Comp. het, trio	CH	trio	noisy, missing ignored	19	1	2	0	19375.666666666668	736.6666666666666	0.745373784000094
Comp. het, trio	CH	trio	noisy, missing ignored	20	1	8	6	19478.333333333332	722.3333333333334	0.7243213949998335
Comp. het, trio	CH	trio	noisy, missing ignored	21	0	2	2	19444.0	734.6666666666666	0.8821025839999947
Comp. het, trio	CH	trio	noisy, missing ignored	22	1	4	2	19206.333333333332	750.0	0.7579987310000433
Comp. het, trio	CH	trio	noisy, missing ignored	23	1	2	0	19250.666666666668	762.3333333333334	0.7765816840001207
Comp. het, trio	CH	trio	noisy, missing ignored	24	0	4	4	19528.333333333332	778.3333333333334	0.8930851760001133
Comp. het, trio	CH	trio	noisy, missing ignored	25	1	6	4	19379.333333333332	755.6666666666666	0.8542005310000604
Comp. het, trio	CH	trio	noisy, missing ignored	26	1	4	2	19379.333333333332	715.0	0.7275645390000136
Comp. het, trio	CH	trio	noisy, missing ignored	27	1	6	4	19216.333333333332	715.6666666666666	1.0166100409999217
Comp. het, trio	CH	trio	noisy, missing ignored	28	1	2	0	19186.0	718.3333333333334	0.9582110689998444
Comp. het, trio	CH	trio	noisy, missing ignored	29	1	6	4	19469.333333333332	809.0	0.801025521999918
Comp. het, trio	CH	trio	noisy, missing ignored	30	1	2	0	19246.666666666668	777.6666666666666	0.7671496139998908
Comp. het, trio	CH	trio	noisy, missing ignored	31	1	6	4	19207.666666666668	773.3333333333334	0.8079604700001255
Comp. het, trio	CH	trio	noisy, missing ignored	32	1	2	0	19310.333333333332	715.6666666666666	0.8259368970000196
Comp. het, trio	CH	trio	noisy, missing ignored	33	1	2	0	19248.666666666668	750.0	0.744470911999997
Comp. het, trio	CH	trio	noisy, missing ignored	34	1	6	4	19273.0	787.6666666666666	0.8446831999999631
Comp. het, trio	CH	trio	noisy, missing ignored	35	1	6	4	19287.666666666668	766.3333333333334	0.9638916050000716
Comp. het, trio	CH	trio	noisy, missing ignored	36	1	2	0	19257.666666666668	755.6666666666666	0.7262453410000944
Comp. het, trio	CH	trio	noisy, missing ignored	37	1	2	0	19294.666666666668	776.0	0.776624388999835
Comp. het, trio	CH	trio	noisy, missing ignored	38	1	2	0	19210.0	750.3333333333334	0.7508761700000832
Comp. het, trio	CH	trio	noisy, missing ignored	39	1	4	2	19287.333333333332	793.0	0.7448826160000408
Comp. het, trio	CH	trio	noisy, missing ignored	40	1	2	0	19490.333333333332	757.6666666666666	0.7882940540000618
Comp. het, trio	CH	trio	noisy, missing ignored	41	1	4	2	19257.0	748.0	0.7731157059999987
Comp. het, trio	CH	trio	noisy, missing ignored	42	1	6	4	19346.666666666668	796.3333333333334	0.8306373210000402
Comp. het, trio	CH	trio	noisy, missing ignored	43	1	6	4	19325.333333333332	773.3333333333334	0.7583515419999003
Comp. het, trio	CH	trio	noisy, missing ignored	44	1	6	4	19331.0	777.3333333333334	0.7724457409999559
Comp. het, trio	CH	trio	noisy, missing ignored	45	1	2	0	19386.333333333332	754.0	0.8466843930000323
Comp. het, trio	CH	trio	noisy, missing ignored	46	1	2	0	19256.666666666668	790.3333333333334	0.9363406029999624
Comp. het, trio	CH	trio	noisy, missing ignored	47	1	6	4	19195.666666666668	725.0	0.985373521000156
Comp. het, trio	CH	trio	noisy, missing ignored	48	1	4	2	19335.0	774.6666666666666	0.6881227490000583
Comp. het, trio	CH	trio	noisy, missing ignored	49	1	4	2	19297.666666666668	756.6666666666666	0.7115577209999628
Comp. het, quartet	CH	quartet	error-free	0	1	4	2	18978.0	454.5	0.8738515009999901
Comp. het, quartet	CH	quartet	error-free	1	1	2	0	19066.5	459.75	0.9484331290000227
Comp. het, quartet	CH	quartet	error-free	2	1	8	6	18956.75	466.75	0.9401957139998558
Comp. het, quartet	CH	quartet	error-free	3	1	2	0	18976.75	431.25	0.9190343599998414
Comp. het, quartet	CH	quartet	error-free	4	1	2	0	18914.25	447.5	0.8666638800000328
Comp. het, quartet	CH	quartet	error-free	5	1	4	2	19000.75	447.75	0.9258051350000187
Comp. het, quartet	CH	quartet	error-free	6	1	2	0	18970.25	476.5	0.9348950959999911
Comp. het, quartet	CH	quartet	error-free	7	1	2	0	19113.5	457.75	0.9186373269999422
Comp. het, quartet	CH	quartet	error-free	8	1	2	0	18872.75	426.0	0.9980218830000922
Comp. het, quartet	CH	quartet	error-free	9	1	6	4	18948.75	435.75	0.9186856090000219
Comp. het, quartet	CH	quartet	error-free	10	1	8	6	19077.0	454.5	1.043045339999935
Comp. het, quartet	CH	quartet	error-free	11	1	4	2	18796.25	459.0	0.9481510339999204
Comp. het, quartet	CH	quartet	error-free	12	1	2	0	18906.0	441.25	0.8411040209998646
Comp. het, quartet	CH	quartet	error-free	13	1	4	2	18830.0	442.75	0.8448308669999278
Comp. het, quartet	CH	quartet	error-free	14	1	4	2	19199.5	457.25	0.9212855620000937
Comp. het, quartet	CH	quartet	error-free	15	1	2	0	18957.5	470.75	0.9846692219998658
Comp. het, quartet	CH	quartet	error-free	16	1	4	2	19033.0	445.25	1.0355829089999133
Comp. het, quartet	CH	quartet	error-free	17	1	2	0	18755.75	445.25	0.9199693230000321
Comp. het, quartet	CH	quartet	error-free	18	1	2	0	19283.25	453.5	0.9668845129999681
Comp. het, quartet	CH	quartet	error-free	19	1	2	0	19091.75	455.0	0.8445884129998831
Comp. het, quartet	CH	quartet	error-free	20	1	4	2	19068.25	433.75	0.9305808300000535
Comp. het, quartet	CH	quartet	error-free	21	1	2	0	19034.75	463.25	0.9023801590001312
Comp. het, quartet	CH	quartet	error-free	22	1	2	0	18933.0	419.25	0.9007849059998989
Comp. het, quartet	CH	quartet	error-free	23	1	2	0	19112.25	437.25	0.9065652210001645
Comp. het, quartet	CH	quartet	error-free	24	1	2	0	19066.5	472.0	1.0476593189998766
Comp. het, quartet	CH	quartet	error-free	25	1	4	2	19048.0	406.0	0.9045477189999929
Comp. het, quartet	CH	quartet	error-free	26	1	2	0	19136.5	461.5	0.9922869720001017
Comp. het, quartet	CH	quartet	error-free	27	1	4	2	19129.25	422.5	0.9646289990000696
Comp. het, quartet	CH	quartet	error-free	28	1	2	0	18914.5	439.75	0.921397418999959
Comp. het, quartet	CH	quartet	error-free	29	1	2	0	18871.5	449.75	0.8531301200000598
Comp. het, quartet	CH	quartet	error-free	30	1	2	0	18865.5	437.0	0.9197981439999694
Comp. het, quartet	CH	quartet	error-free	31	1	2	0	18967.75	441.5	0.8736914769999657
Comp. het, quartet	CH	quartet	error-free	32	1	2	0	18850.5	451.75	0.8988814069998625
Comp. het, quartet	CH	quartet	error-free	33	1	2	0	18715.0	434.5	0.8771498969999811
Comp. het, quartet	CH	quartet	error-free	34	1	4	2	19038.5	468.25	0.8645743299998685
Comp. het, quartet	CH	quartet	error-free	35	1	2	0	18854.75	425.0	0.8720255970001745
Comp. het, quartet	CH	quartet	error-free	36	1	4	2	19065.25	467.25	0.8934320819998902
Comp. het, quartet	CH	quartet	error-free	37	1	8	6	19219.5	477.75	0.8563981299998886
Comp. het, quartet	CH	quartet	error-free	38	1	2	0	18953.75	449.25	1.0870039980000001
Comp. het, quartet	CH	quartet	error-free	39	1	4	2	19219.0	434.0	0.9555157489999146
Comp. het, quartet	CH	quartet	error-free	40	1	2	0	18925.75	428.0	0.9202877850000277
Comp. het, quartet	CH	quartet	error-free	41	1	2	0	18904.25	456.0	0.975069541000039
Comp. het, quartet	CH	quartet	error-free	42	1	2	0	19096.75	429.0	0.9204198760000963
Comp. het, quartet	CH	quartet	error-free	43	1	4	2	18985.5	412.75	0.8464419939998606
Comp. het, quartet	CH	quartet	error-free	44	1	4	2	18975.25	467.5	0.9111915419998695
Comp. het, quartet	CH	quartet	error-free	45	1	6	4	18971.0	426.5	0.9998747689999163
Comp. het, quartet	CH	quartet	error-free	46	1	2	0	18829.5	444.25	0.8828332410000712
Comp. het, quartet	CH	quartet	error-free	47	1	2	0	18770.25	463.75	0.9346049700000094
Comp. het, quartet	CH	quartet	error-free	48	1	6	4	18609.0	476.25	0.9103755399999045
Comp. het, quartet	CH	quartet	error-free	49	1	2	0	18957.75	426.0	0.907848149000074
Comp. het, quartet	CH	quartet	noisy	0	1	2	0	19370.0	761.75	1.1691682329999367
Comp. het, quartet	CH	quartet	noisy	1	0	0	0	19296.75	757.25	0.9270161800000096
Comp. het, quartet	CH	quartet	noisy	2	1	2	0	19335.0	766.25	0.9962026840000817
Comp. het, quartet	CH	quartet	noisy	3	1	4	2	19233.25	741.0	0.9116215250001005
Comp. het, quartet	CH	quartet	noisy	4	1	4	2	19303.75	751.25	1.028815386000133
Comp. het, quartet	CH	quartet	noisy	5	1	4	2	19325.5	760.25	0.8991128960001333
Comp. het, quartet	CH	quartet	noisy	6	1	2	0	19384.5	786.75	1.022820290000027
Comp. het, quartet	CH	quartet	noisy	7	1	6	4	19424.0	783.0	0.9949522370000068
Comp. het, quartet	CH	quartet	noisy	8	1	2	0	19526.5	744.25	0.992414528999916
Comp. het, quartet	CH	quartet	noisy	9	1	4	2	19152.75	739.5	0.9149385809998876
Comp. het, quartet	CH	quartet	noisy	10	1	2	0	19265.0	757.75	0.892249012999855
Comp. het, quartet	CH	quartet	noisy	11	1	2	0	19291.25	759.5	0.8893911540001227
Comp. het, quartet	CH	quartet	noisy	12	0	0	0	19308.0	771.0	0.8904477959999895
Comp. het, quartet	CH	quartet	noisy	13	0	0	0	19337.25	764.0	1.0267408959998647
Comp. het, quartet	CH	quartet	noisy	14	1	4	2	19469.25	791.25	0.9976206510000338
Comp. het, quartet	CH	quartet	noisy	15	1	2	0	19507.0	781.75	0.9454413529999783
Comp. het, quartet	CH	quartet	noisy	16	1	2	0	19437.75	784.0	0.9007731890001196
Comp. het, quartet	CH	quartet	noisy	17	1	2	0	19325.0	760.25	0.8975374389999615
Comp. het, quartet	CH	quartet	noisy	18	1	2	0	19446.0	766.25	0.9432990329999029
Comp. het, quartet	CH	quartet	noisy	19	1	2	0	19049.75	726.5	0.8924034149999898
Comp. het, quartet	CH	quartet	noisy	20	1	4	2	19278.75	786.5	0.8587832400000934
Comp. het, quartet	CH	quartet	noisy	21	1	4	2	19557.5	746.25	0.9265884779999851
Comp. het, quartet	CH	quartet	noisy	22	1	2	0	19329.0	787.75	0.9754296200001136
Comp. het, quartet	CH	quartet	noisy	23	1	2	0	19406.5	771.75	0.9489950029999363
Comp. het, quartet	CH	quartet	noisy	24	1	4	2	19239.75	758.5	1.0270611629998712
Comp. het, quartet	CH	quartet	noisy	25	1	2	0	19251.25	772.0	1.1160547739998492
Comp. het, quartet	CH	quartet	noisy	26	0	0	0	19321.25	787.25	1.1184164720000354
Comp. het, quartet	CH	quartet	noisy	27	1	4	2	19434.5	781.25	1.104391521000025
Comp. het, quartet	CH	quartet	noisy	28	1	2	0	19273.5	746.75	0.8813882520000789
Comp. het, quartet	CH	quartet	noisy	29	1	4	2	19217.5	760.25	0.8726293299998815
Comp. het, quartet	CH	quartet	noisy	30	1	2	0	19356.75	779.0	0.9238314770000216
Comp. het, quartet	CH	quartet	noisy	31	0	0	0	19269.75	743.0	0.9014716829999543
Comp. het, quartet	CH	quartet	noisy	32	1	4	2	19414.5	742.5	0.9295466989999568
Comp. het, quartet	CH	quartet	noisy	33	1	4	2	19371.75	774.75	0.9804289080000217
Comp. het, quartet	CH	quartet	noisy	34	1	2	0	19480.0	747.5	0.96082947900004
Comp. het, quartet	CH	quartet	noisy	35	1	2	0	19430.5	731.5	1.0618686059999618
Comp. het, quartet	CH	quartet	noisy	36	1	2	0	19306.0	753.75	1.00903458699986
Comp. het, quartet	CH	quartet	noisy	37	1	4	2	19443.75	784.0	0.9269077339999967
Comp. het, quartet	CH	quartet	noisy	38	1	4	2	19204.25	735.75	1.001030283000091
Comp. het, quartet	CH	quartet	noisy	39	1	2	0	19558.5	756.0	1.0300025219999043
Comp. het, quartet	CH	quartet	noisy	40	1	6	4	19139.0	760.75	0.981324880999864
Comp. het, quartet	CH	quartet	noisy	41	1	2	0	19568.5	735.25	0.9790967269998418
Comp. het, quartet	CH	quartet	noisy	42	1	4	2	19240.75	770.0	0.9301255109999147
Comp. het, quartet	CH	quartet	noisy	43	0	0	0	19302.75	771.0	1.0747849540000516
Comp. het, quartet	CH	quartet	noisy	44	1	4	2	19409.25	726.0	0.9934522010000819
Comp. het, quartet	CH	quartet	noisy	45	1	2	0	19284.0	808.0	0.9541650539999864
Comp. het, quartet	CH	quartet	noisy	46	0	0	0	19227.0	749.75	0.9419466069998634
Comp. het, quartet	CH	quartet	noisy	47	1	4	2	19236.75	752.5	0.9266222049998305
Comp. het, quartet	CH	quartet	noisy	48	1	2	0	19371.5	745.75	1.1175299629999245
Comp. het, quartet	CH	quartet	noisy	49	1	2	0	19465.5	752.5	0.9807142810000187
Comp. het, quartet	CH	quartet	noisy, missing ignored	0	1	4	2	19284.25	740.0	0.9454316320000089
Comp. het, quartet	CH	quartet	noisy, missing ignored	1	1	6	4	19524.5	759.75	0.9285238949998984
Comp. het, quartet	CH	quartet	noisy, missing ignored	2	1	4	2	19291.75	761.25	0.9279218649999166
Comp. het, quartet	CH	quartet	noisy, missing ignored	3	1	2	0	19356.75	748.0	1.0988207380000858
Comp. het, quartet	CH	quartet	noisy, missing ignored	4	1	2	0	19131.0	721.25	0.9586530229998971
Comp. het, quartet	CH	quartet	noisy, missing ignored	5	1	8	6	19214.75	751.0	1.05400937599984
Comp. het, quartet	CH	quartet	noisy, missing ignored	6	1	6	4	19338.0	762.0	0.9715922630000478
Comp. het, quartet	CH	quartet	noisy, missing ignored	7	0	2	2	19433.0	800.0	1.0705125599999974
Comp. het, quartet	CH	quartet	noisy, missing ignored	8	1	4	2	19335.0	759.0	0.9213527510000858
Comp. het, quartet	CH	quartet	noisy, missing ignored	9	1	4	2	19320.0	797.5	1.0106940560001476
Comp. het, quartet	CH	quartet	noisy, missing ignored	10	1	4	2	19442.0	745.25	0.9120872550001877
Comp. het, quartet	CH	quartet	noisy, missing ignored	11	1	2	0	19382.5	742.25	1.0442879520001043
Comp. het, quartet	CH	quartet	noisy, missing ignored	12	1	2	0	19487.75	758.5	1.0086923220001154
Comp. het, quartet	CH	quartet	noisy, missing ignored	13	1	2	0	19295.5	764.5	1.1522694469999806
Comp. het, quartet	CH	quartet	noisy, missing ignored	14	1	2	0	19230.25	749.75	1.1508194470000035
Comp. het, quartet	CH	quartet	noisy, missing ignored	15	1	2	0	19321.5	760.0	0.9556180019999374
Comp. het, quartet	CH	quartet	noisy, missing ignored	16	1	6	4	19506.0	776.25	1.2693452319999778
Comp. het, quartet	CH	quartet	noisy, missing ignored	17	1	2	0	19402.75	776.5	0.9660410399999364
Comp. het, quartet	CH	quartet	noisy, missing ignored	18	1	4	2	19459.25	753.25	1.0216175909999947
Comp. het, quartet	CH	quartet	noisy, missing ignored	19	1	2	0	19223.25	764.75	1.0797534129999349
Comp. het, quartet	CH	quartet	noisy, missing ignored	20	1	4	2	19297.75	760.75	0.8936583989998326
Comp. het, quartet	CH	quartet	noisy, missing ignored	21	1	2	0	19259.75	759.25	1.0809527119999984
Comp. het, quartet	CH	quartet	noisy, missing ignored	22	0	0	0	19383.75	753.25	1.0258384549999846
Comp. het, quartet	CH	quartet	noisy, missing ignored	23	1	4	2	19657.75	761.25	1.025898933999997
Comp. het, quartet	CH	quartet	noisy, missing ignored	24	1	8	6	19272.75	738.25	0.938424724000015
Comp. het, quartet	CH	quartet	noisy, missing ignored	25	1	2	0	19310.75	781.25	0.9289142519999132
Comp. het, quartet	CH	quartet	noisy, missing ignored	26	1	2	0	19300.75	756.75	1.0625771529998929
Comp. het, quartet	CH	quartet	noisy, missing ignored	27	1	2	0	19511.0	742.75	0.9986913919999552
Comp. het, quartet	CH	quartet	noisy, missing ignored	28	1	2	0	19375.5	741.75	1.0204961569997977
Comp. het, quartet	CH	quartet	noisy, missing ignored	29	1	4	2	19318.5	774.25	1.0882658859998173
Comp. het, quartet	CH	quartet	noisy, missing ignored	30	1	4	2	19226.25	746.5	1.030641396999954
Comp. het, quartet	CH	quartet	noisy, missing ignored	31	1	2	0	19242.75	716.25	0.9749083019999034
Comp. het, quartet	CH	quartet	noisy, missing ignored	32	1	4	2	19309.75	765.25	1.1869152570000097
Comp. het, quartet	CH	quartet	noisy, missing ignored	33	1	6	4	19339.25	757.25	0.9616300930001671
Comp. het, quartet	CH	quartet	noisy, missing ignored	34	1	2	0	19378.5	754.5	1.057072122999898
Comp. het, quartet	CH	quartet	noisy, missing ignored	35	1	4	2	19321.5	744.75	1.0363176309999744
Comp. het, quartet	CH	quartet	noisy, missing ignored	36	1	2	0	19365.25	776.75	1.018250782999985
Comp. het, quartet	CH	quartet	noisy, missing ignored	37	1	2	0	19515.25	773.5	1.0004926379999688
Comp. het, quartet	CH	quartet	noisy, missing ignored	38	1	4	2	19381.75	736.0	0.9834113750000597
Comp. het, quartet	CH	quartet	noisy, missing ignored	39	1	2	0	19193.75	750.5	0.8896488630000476
Comp. het, quartet	CH	quartet	noisy, missing ignored	40	1	8	6	19459.75	763.5	0.9481203790001018
Comp. het, quartet	CH	quartet	noisy, missing ignored	41	1	2	0	19233.25	731.0	0.9359889780000685
Comp. het, quartet	CH	quartet	noisy, missing ignored	42	1	4	2	19407.75	742.25	0.8809417620000204
Comp. het, quartet	CH	quartet	noisy, missing ignored	43	1	2	0	19180.75	731.0	1.1154510179999306
Comp. het, quartet	CH	quartet	noisy, missing ignored	44	1	4	2	19453.75	747.5	0.9267678339999748
Comp. het, quartet	CH	quartet	noisy, missing ignored	45	1	6	4	19356.0	759.75	1.1221849609999026
Comp. het, quartet	CH	quartet	noisy, missing ignored	46	1	2	0	19239.5	727.0	0.9466717249999874
Comp. het, quartet	CH	quartet	noisy, missing ignored	47	1	4	2	19511.5	780.25	0.9516755470001499
Comp. het, quartet	CH	quartet	noisy, missing ignored	48	1	2	0	19327.5	724.75	0.972910365999951
Comp. het, quartet	CH	quartet	noisy, missing ignored	49	1	6	4	19449.5	757.5	1.1783879990000514
De novo, trio	DN	trio	error-free	0	1	1	0	19013.0	445.3333333333333	0.8056419939998705
De novo, trio	DN	trio	error-free	1	1	1	0	18941.333333333332	444.6666666666667	0.7175282590001189
De novo, trio	DN	trio	error-free	2	1	1	0	18971.333333333332	441.3333333333333	0.6896044889999757
De novo, trio	DN	trio	error-free	3	1	1	0	18715.666666666668	437.3333333333333	0.8075185879999935
De novo, trio	DN	trio	error-free	4	1	1	0	18842.666666666668	416.0	0.7614657159999751
De novo, trio	DN	trio	error-free	5	1	1	0	18958.0	401.6666666666667	0.8097321000000193
De novo, trio	DN	trio	error-free	6	1	1	0	19011.0	447.3333333333333	0.8529739190000782
De novo, trio	DN	trio	error-free	7	1	1	0	18914.666666666668	448.6666666666667	0.7647101620000285
De novo, trio	DN	trio	error-free	8	1	1	0	18871.333333333332	470.0	1.0604343590000553
De novo, trio	DN	trio	error-free	9	1	1	0	18917.333333333332	436.3333333333333	0.7271465799999532
De novo, trio	DN	trio	error-free	10	1	1	0	19159.333333333332	453.3333333333333	0.8115391569999701
De novo, trio	DN	trio	error-free	11	1	1	0	18969.0	424.3333333333333	0.7069588029999068
De novo, trio	DN	trio	error-free	12	1	1	0	18858.666666666668	450.3333333333333	0.7618145860001277
De novo, trio	DN	trio	error-free	13	1	1	0	18945.0	422.6666666666667	0.7533485540000129
De novo, trio	DN	trio	error-free	14	1	1	0	18922.333333333332	460.6666666666667	0.7700832549999177
De novo, trio	DN	trio	error-free	15	1	1	0	19030.0	459.0	0.9943683530000271
De novo, trio	DN	trio	error-free	16	1	1	0	18847.0	445.0	0.7040059300002213
De novo, trio	DN	trio	error-free	17	1	1	0	18912.666666666668	461.0	0.9019272569998975
De novo, trio	DN	trio	error-free	18	1	1	0	18866.0	465.0	0.6805504419999124
De novo, trio	DN	trio	error-free	19	1	1	0	18930.666666666668	420.3333333333333	0.8130829099998209
De novo, trio	DN	trio	error-free	20	1	1	0	19123.333333333332	444.0	0.9572198729999855
De novo, trio	DN	trio	error-free	21	1	1	0	19016.666666666668	449.6666666666667	0.8334745330000715
De novo, trio	DN	trio	error-free	22	1	1	0	19003.0	467.3333333333333	0.739950915999998
De novo, trio	DN	trio	error-free	23	1	1	0	18860.666666666668	456.3333333333333	0.7848040839999157
De novo, trio	DN	trio	error-free	24	1	1	0	19088.333333333332	470.6666666666667	1.0354929190000348
De novo, trio	DN	trio	error-free	25	1	1	0	19166.333333333332	441.3333333333333	0.7553075549999448
De novo, trio	DN	trio	error-free	26	1	1	0	18985.333333333332	458.0	0.8747314060001372
De novo, trio	DN	trio	error-free	27	1	1	0	19134.666666666668	465.6666666666667	0.9937699570000404
De novo, trio	DN	trio	error-free	28	1	1	0	19061.0	467.6666666666667	0.834928256000012
De novo, trio	DN	trio	error-free	29	1	1	0	19137.0	453.0	0.8415144049999981
De novo, trio	DN	trio	error-free	30	1	1	0	19172.0	426.0	0.9803925660000914
De novo, trio	DN	trio	error-free	31	1	1	0	18949.666666666668	444.6666666666667	1.1481492210000397
De novo, trio	DN	trio	error-free	32	1	1	0	19116.666666666668	458.6666666666667	0.7053668839998863
De novo, trio	DN	trio	error-free	33	1	1	0	18811.333333333332	428.0	0.7620338860001539
De novo, trio	DN	trio	error-free	34	1	1	0	19120.666666666668	465.0	0.7803486020000037
De novo, trio	DN	trio	error-free	35	1	1	0	18978.0	426.3333333333333	0.8671095470001546
De novo, trio	DN	trio	error-free	36	1	1	0	18827.666666666668	426.0	0.7606165390000115
De novo, trio	DN	trio	error-free	37	1	1	0	19021.666666666668	452.0	0.9959181189999526
De novo, trio	DN	trio	error-free	38	1	1	0	19028.666666666668	442.6666666666667	0.7978127930000483
De novo, trio	DN	trio	error-free	39	1	1	0	18890.333333333332	436.0	0.7927239630000713
De novo, trio	DN	trio	error-free	40	1	1	0	18927.666666666668	464.3333333333333	0.8363719820001734
De novo, trio	DN	trio	error-free	41	1	1	0	19039.666666666668	438.6666666666667	0.9171644460000152
De novo, trio	DN	trio	error-free	42	1	1	0	19079.333333333332	439.3333333333333	0.8642828340000506
De novo, trio	DN	trio	error-free	43	1	1	0	18873.0	450.0	0.7915124229998582
De novo, trio	DN	trio	error-free	44	1	1	0	18783.0	452.3333333333333	0.7409748390000459
De novo, trio	DN	trio	error-free	45	1	1	0	18869.333333333332	441.6666666666667	0.7110541439999452
De novo, trio	DN	trio	error-free	46	1	1	0	19049.0	464.3333333333333	1.126114495000138
De novo, trio	DN	trio	error-free	47	1	1	0	18884.333333333332	446.6666666666667	0.7023426729999755
De novo, trio	DN	trio	error-free	48	1	1	0	18830.666666666668	434.6666666666667	0.7186037280000619
De novo, trio	DN	trio	error-free	49	1	1	0	19004.333333333332	464.0	1.0456146949998129
De novo, trio	DN	trio	noisy	0	1	299	298	19337.333333333332	763.3333333333334	0.8576619680000022
De novo, trio	DN	trio	noisy	1	1	323	322	19261.666666666668	764.6666666666666	0.8882117069999822
De novo, trio	DN	trio	noisy	2	1	301	300	18957.333333333332	746.3333333333334	0.8997665419999521
De novo, trio	DN	trio	noisy	3	1	308	307	19256.333333333332	749.3333333333334	0.7793935279999005
De novo, trio	DN	trio	noisy	4	1	342	341	19377.666666666668	747.0	0.7606494270000894
De novo, trio	DN	trio	noisy	5	1	300	299	19157.0	764.6666666666666	0.7415501840000616
De novo, trio	DN	trio	noisy	6	1	322	321	19333.0	765.6666666666666	1.082670453999981
De novo, trio	DN	trio	noisy	7	1	299	298	19219.666666666668	753.0	0.8154094660001192
De novo, trio	DN	trio	noisy	8	0	284	284	19372.333333333332	770.0	0.7999375030001374
De novo, trio	DN	trio	noisy	9	1	296	295	19439.0	757.3333333333334	0.9152374290001717
De novo, trio	DN	trio	noisy	10	1	290	289	19486.333333333332	740.0	0.9349096480000298
De novo, trio	DN	trio	noisy	11	1	281	280	19089.666666666668	760.0	0.8870014889998856
De novo, trio	DN	trio	noisy	12	1	336	335	19194.666666666668	762.6666666666666	1.0667605289997937
De novo, trio	DN	trio	noisy	13	1	325	324	19441.333333333332	769.0	0.7377563760001067
De novo, trio	DN	trio	noisy	14	1	315	314	19315.333333333332	757.0	0.7296020549999866
De novo, trio	DN	trio	noisy	15	1	286	285	19213.666666666668	736.6666666666666	0.8220889909998732
De novo, trio	DN	trio	noisy	16	1	332	331	19251.0	754.0	0.9928631790000964
De novo, trio	DN	trio	noisy	17	1	298	297	19218.0	756.0	0.8631761229999029
De novo, trio	DN	trio	noisy	18	1	297	296	19307.333333333332	737.0	0.7611738250000144
De novo, trio	DN	trio	noisy	19	1	302	301	19314.0	749.3333333333334	0.8647212800001398
De novo, trio	DN	trio	noisy	20	1	320	319	19009.333333333332	712.0	0.7382025790000171
De novo, trio	DN	trio	noisy	21	1	306	305	19229.0	741.0	1.0301129980000496
De novo, trio	DN	trio	noisy	22	1	309	308	19067.666666666668	736.0	0.749842660000013
De novo, trio	DN	trio	noisy	23	1	282	281	19425.333333333332	731.0	0.8303390500000205
De novo, trio	DN	trio	noisy	24	1	312	311	19188.0	745.6666666666666	0.8691963080000278
De novo, trio	DN	trio	noisy	25	1	342	341	19183.0	763.3333333333334	0.8256058069998744
De novo, trio	DN	trio	noisy	26	1	327	326	19247.333333333332	782.6666666666666	0.7302678699998069
De novo, trio	DN	trio	noisy	27	1	286	285	19396.666666666668	730.3333333333334	0.8095011369998701
De novo, trio	DN	trio	noisy	28	1	267	266	19466.0	754.6666666666666	0.7407226540001375
De novo, trio	DN	trio	noisy	29	1	306	305	19278.0	748.6666666666666	0.8184951999999157
De novo, trio	DN	trio	noisy	30	1	321	320	19158.333333333332	775.3333333333334	0.8994935089999672
De novo, trio	DN	trio	noisy	31	1	291	290	19357.666666666668	721.6666666666666	1.213596822999989
De novo, trio	DN	trio	noisy	32	1	275	274	19371.0	746.3333333333334	0.8511781269999119
De novo, trio	DN	trio	noisy	33	1	319	318	19083.333333333332	736.3333333333334	0.7781994839999697
De novo, trio	DN	trio	noisy	34	1	273	272	19281.666666666668	760.3333333333334	0.8138687329999357
De novo, trio	DN	trio	noisy	35	1	286	285	19499.0	776.3333333333334	0.755520918000002
De novo, trio	DN	trio	noisy	36	1	336	335	19324.0	744.0	0.8216385729999729
De novo, trio	DN	trio	noisy	37	1	321	320	19286.333333333332	773.6666666666666	0.773698437000121
De novo, trio	DN	trio	noisy	38	1	304	303	19331.0	753.0	0.8305743739999798
De novo, trio	DN	trio	noisy	39	1	303	302	19392.333333333332	725.3333333333334	1.2476605360000121
De novo, trio	DN	trio	noisy	40	1	304	303	19361.333333333332	736.3333333333334	0.881909788999792
De novo, trio	DN	trio	noisy	41	1	315	314	19122.333333333332	755.0	0.7618588380000801
De novo, trio	DN	trio	noisy	42	1	295	294	19172.666666666668	723.0	0.9308544420000544
De novo, trio	DN	trio	noisy	43	1	282	281	19183.0	769.6666666666666	0.7342332369998985
De novo, trio	DN	trio	noisy	44	1	284	283	19038.666666666668	800.6666666666666	0.9485212759998376
De novo, trio	DN	trio	noisy	45	1	300	299	19266.333333333332	779.0	0.7851825589998498
De novo, trio	DN	trio	noisy	46	1	336	335	19356.333333333332	755.0	0.8079098610000983
De novo, trio	DN	trio	noisy	47	1	316	315	19234.0	754.0	0.8827133639999829
De novo, trio	DN	trio	noisy	48	1	309	308	19252.333333333332	768.3333333333334	0.8200370170000042
De novo, trio	DN	trio	noisy	49	1	312	311	19429.0	743.0	0.9014761340001769
De novo, trio	DN	trio	noisy, missing ignored	0	1	297	296	19242.0	731.6666666666666	0.944777724000005
De novo, trio	DN	trio	noisy, missing ignored	1	1	301	300	19581.333333333332	752.6666666666666	0.8208075850000114
De novo, trio	DN	trio	noisy, missing ignored	2	1	301	300	19025.0	779.0	0.7338728339998397
De novo, trio	DN	trio	noisy, missing ignored	3	1	330	329	19498.333333333332	767.0	0.9335961510000743
De novo, trio	DN	trio	noisy, missing ignored	4	1	324	323	19032.0	778.6666666666666	0.8423911479999333
De novo, trio	DN	trio	noisy, missing ignored	5	1	310	309	19404.0	757.6666666666666	0.9230467840000074
De novo, trio	DN	trio	noisy, missing ignored	6	1	311	310	19404.666666666668	767.0	0.8324315390000265
De novo, trio	DN	trio	noisy, missing ignored	7	1	270	269	19482.666666666668	750.0	0.9765145180001582
De novo, trio	DN	trio	noisy, missing ignored	8	1	288	287	19412.0	747.0	0.8001217819999056
De novo, trio	DN	trio	noisy, missing ignored	9	1	296	295	19376.0	774.6666666666666	0.9366099409999151
De novo, trio	DN	trio	noisy, missing ignored	10	1	320	319	19246.0	762.3333333333334	0.7739982429998236
De novo, trio	DN	trio	noisy, missing ignored	11	1	291	290	19337.333333333332	754.6666666666666	0.8489690050000718
De novo, trio	DN	trio	noisy, missing ignored	12	1	272	271	19120.666666666668	737.0	1.0456623559998661
De novo, trio	DN	trio	noisy, missing ignored	13	1	280	279	19250.333333333332	721.3333333333334	1.1369568740001341
De novo, trio	DN	trio	noisy, missing ignored	14	1	290	289	19168.333333333332	788.3333333333334	0.8347370679998676
De novo, trio	DN	trio	noisy, missing ignored	15	1	313	312	19409.666666666668	771.3333333333334	0.8132488269998248
De novo, trio	DN	trio	noisy, missing ignored	16	1	296	295	19415.666666666668	727.3333333333334	0.8257170699998824
De novo, trio	DN	trio	noisy, missing ignored	17	1	317	316	19292.333333333332	753.0	0.8207685130000755
De novo, trio	DN	trio	noisy, missing ignored	18	1	286	285	19182.666666666668	749.6666666666666	0.7625056070000937
De novo, trio	DN	trio	noisy, missing ignored	19	1	309	308	19197.333333333332	769.6666666666666	0.84405837300028
De novo, trio	DN	trio	noisy, missing ignored	20	1	306	305	19507.0	715.3333333333334	0.8419044600000234
De novo, trio	DN	trio	noisy, missing ignored	21	1	300	299	19355.0	728.3333333333334	0.7373253559999284
De novo, trio	DN	trio	noisy, missing ignored	22	1	308	307	19280.666666666668	751.0	0.9834597479998592
De novo, trio	DN	trio	noisy, missing ignored	23	1	329	328	19377.333333333332	787.0	0.8340701050001371
De novo, trio	DN	trio	noisy, missing ignored	24	1	313	312	19354.333333333332	760.0	0.810517025000081
De novo, trio	DN	trio	noisy, missing ignored	25	1	326	325	19317.0	764.3333333333334	0.7891317930002515
De novo, trio	DN	trio	noisy, missing ignored	26	1	307	306	19249.0	742.0	0.7641620809999949
De novo, trio	DN	trio	noisy, missing ignored	27	1	332	331	19357.666666666668	743.3333333333334	0.9210668079999778
De novo, trio	DN	trio	noisy, missing ignored	28	1	280	279	19232.666666666668	739.3333333333334	1.1341946789998474
De novo, trio	DN	trio	noisy, missing ignored	29	1	316	315	19192.666666666668	737.3333333333334	0.7645354499995847
De novo, trio	DN	trio	noisy, missing ignored	30	1	336	335	19178.666666666668	785.6666666666666	0.8413246240002081
De novo, trio	DN	trio	noisy, missing ignored	31	1	288	287	19448.333333333332	759.0	0.8355491620000066
De novo, trio	DN	trio	noisy, missing ignored	32	1	326	325	19465.333333333332	748.6666666666666	0.831851381999968
De novo, trio	DN	trio	noisy, missing ignored	33	1	291	290	19318.0	728.0	0.7952308250000897
De novo, trio	DN	trio	noisy, missing ignored	34	1	277	276	19276.333333333332	746.3333333333334	0.7735476010002458
De novo, trio	DN	trio	noisy, missing ignored	35	1	300	299	19338.333333333332	755.6666666666666	1.0907868310000595
De novo, trio	DN	trio	noisy, missing ignored	36	1	295	294	19284.333333333332	754.6666666666666	0.8731951419999859
De novo, trio	DN	trio	noisy, missing ignored	37	1	278	277	19362.333333333332	761.3333333333334	1.0756617330002882
De novo, trio	DN	trio	noisy, missing ignored	38	1	343	342	19315.0	742.0	0.8935558519997358
De novo, trio	DN	trio	noisy, missing ignored	39	1	291	290	19480.333333333332	755.0	0.8086535769998591
De novo, trio	DN	trio	noisy, missing ignored	40	1	322	321	19228.666666666668	766.6666666666666	0.855529377000039
De novo, trio	DN	trio	noisy, missing ignored	41	1	278	277	19518.0	761.6666666666666	0.7708079530002578
De novo, trio	DN	trio	noisy, missing ignored	42	1	325	324	19295.333333333332	790.3333333333334	0.8886110800003735
De novo, trio	DN	trio	noisy, missing ignored	43	1	296	295	19230.0	734.6666666666666	0.8203221219996522
De novo, trio	DN	trio	noisy, missing ignored	44	1	287	286	19384.0	737.6666666666666	0.826160555000115
De novo, trio	DN	trio	noisy, missing ignored	45	1	301	300	19091.333333333332	757.6666666666666	0.7818987059999927
De novo, trio	DN	trio	noisy, missing ignored	46	1	297	296	19262.0	749.0	0.8264475600003607
De novo, trio	DN	trio	noisy, missing ignored	47	1	289	288	19342.666666666668	785.3333333333334	0.8386273180003627
De novo, trio	DN	trio	noisy, missing ignored	48	1	298	297	19250.0	757.3333333333334	0.7645520190003481
De novo, trio	DN	trio	noisy, missing ignored	49	1	303	302	19189.333333333332	751.0	0.7304640490001475
De novo, quartet	DN	quartet	error-free	0	1	1	0	19067.75	433.75	0.9289669950001098
De novo, quartet	DN	quartet	error-free	1	1	1	0	18805.75	435.25	1.0930570959999386
De novo, quartet	DN	quartet	error-free	2	1	1	0	19120.5	443.25	0.8684497680001186
De novo, quartet	DN	quartet	error-free	3	1	1	0	18792.25	434.25	0.910175750999997
De novo, quartet	DN	quartet	error-free	4	1	1	0	19092.0	436.75	1.0017973159999656
De novo, quartet	DN	quartet	error-free	5	1	1	0	18800.5	446.5	0.9117639319999853
De novo, quartet	DN	quartet	error-free	6	1	1	0	19011.0	419.25	0.9672623750000184
De novo, quartet	DN	quartet	error-free	7	1	1	0	19111.75	450.75	0.9557386060000681
De novo, quartet	DN	quartet	error-free	8	1	1	0	19050.5	470.0	1.0122145909999745
De novo, quartet	DN	quartet	error-free	9	1	1	0	18843.5	429.25	0.9375048989998049
De novo, quartet	DN	quartet	error-free	10	1	1	0	19292.0	458.25	0.8910430350001661
De novo, quartet	DN	quartet	error-free	11	1	1	0	18842.75	443.5	0.9096821569999065
De novo, quartet	DN	quartet	error-free	12	1	1	0	18949.5	434.0	1.1370086350000292
De novo, quartet	DN	quartet	error-free	13	1	1	0	18916.5	429.0	1.0845656589999635
De novo, quartet	DN	quartet	error-free	14	1	1	0	18779.0	459.0	0.9589630539999234
De novo, quartet	DN	quartet	error-free	15	1	1	0	18924.5	481.0	0.8748859459999494
De novo, quartet	DN	quartet	error-free	16	1	1	0	18867.25	438.75	0.9268934930000796
De novo, quartet	DN	quartet	error-free	17	1	1	0	19056.5	456.5	0.9624552870000116
De novo, quartet	DN	quartet	error-free	18	1	1	0	19112.25	457.0	0.9396390939996309
De novo, quartet	DN	quartet	error-free	19	1	1	0	19099.5	450.5	1.0323325859999386
De novo, quartet	DN	quartet	error-free	20	1	1	0	19036.75	421.5	0.9233302450002157
De novo, quartet	DN	quartet	error-free	21	1	1	0	19212.5	445.25	1.085179129000153
De novo, quartet	DN	quartet	error-free	22	1	1	0	18865.5	464.75	1.0176646730001266
De novo, quartet	DN	quartet	error-free	23	1	1	0	18758.75	423.5	1.021179378999932
De novo, quartet	DN	quartet	error-free	24	1	1	0	19050.25	481.5	0.9032494050002242
De novo, quartet	DN	quartet	error-free	25	1	1	0	18984.5	447.75	0.927187134000178
De novo, quartet	DN	quartet	error-free	26	1	1	0	19193.0	479.5	0.987910698000178
De novo, quartet	DN	quartet	error-free	27	1	1	0	18894.75	464.75	0.883384463999846
De novo, quartet	DN	quartet	error-free	28	1	1	0	18975.5	451.5	1.1929833140002302
De novo, quartet	DN	quartet	error-free	29	1	1	0	19247.75	474.5	0.8789861860000201
De novo, quartet	DN	quartet	error-free	30	1	1	0	18823.75	443.0	0.8789539379999951
De novo, quartet	DN	quartet	error-free	31	1	1	0	19031.25	453.75	0.8724312939998526
De novo, quartet	DN	quartet	error-free	32	1	1	0	19080.75	428.5	0.9880032000000938
De novo, quartet	DN	quartet	error-free	33	1	1	0	18944.25	462.25	1.0085585540000466
De novo, quartet	DN	quartet	error-free	34	1	1	0	19031.25	457.0	0.9773903740001515
De novo, quartet	DN	quartet	error-free	35	1	1	0	18953.75	420.75	0.9598699610000949
De novo, quartet	DN	quartet	error-free	36	1	1	0	18949.5	437.0	0.9900782800000343
De novo, quartet	DN	quartet	error-free	37	1	1	0	18940.5	420.0	0.969018670999958
De novo, quartet	DN	quartet	error-free	38	1	1	0	18896.75	457.75	1.0249897200001215
De novo, quartet	DN	quartet	error-free	39	1	1	0	19042.25	433.25	1.0861010099997657
De novo, quartet	DN	quartet	error-free	40	1	1	0	19031.5	440.75	0.978350147999663
De novo, quartet	DN	quartet	error-free	41	1	1	0	19003.5	416.5	1.0150267379999605
De novo, quartet	DN	quartet	error-free	42	1	1	0	19023.5	432.0	0.9188397699999769
De novo, quartet	DN	quartet	error-free	43	1	1	0	18966.0	439.5	1.0739555579998523
De novo, quartet	DN	quartet	error-free	44	1	1	0	19144.25	446.25	1.0628029770000467
De novo, quartet	DN	quartet	error-free	45	1	1	0	19106.0	465.25	0.9547459939999499
De novo, quartet	DN	quartet	error-free	46	1	1	0	18951.0	459.75	0.8748788990001231
De novo, quartet	DN	quartet	error-free	47	1	1	0	19104.25	473.75	0.8886359339999217
De novo, quartet	DN	quartet	error-free	48	1	1	0	18764.25	470.25	1.1938131469996733
De novo, quartet	DN	quartet	error-free	49	1	1	0	18951.5	445.5	0.9335219009999491
De novo, quartet	DN	quartet	noisy	0	1	307	306	19171.75	766.5	0.9146803309999996
De novo, quartet	DN	quartet	noisy	1	1	304	303	19345.0	733.5	1.0804648719999932
De novo, quartet	DN	quartet	noisy	2	1	293	292	19352.25	774.0	1.2468539810001857
De novo, quartet	DN	quartet	noisy	3	1	303	302	19416.25	773.75	0.9734092300000157
De novo, quartet	DN	quartet	noisy	4	1	286	285	19361.25	749.5	0.9912077659996612
De novo, quartet	DN	quartet	noisy	5	1	306	305	19182.75	795.0	0.9699415999998564
De novo, quartet	DN	quartet	noisy	6	1	314	313	19270.5	767.25	0.9539884490000077
De novo, quartet	DN	quartet	noisy	7	1	309	308	19325.75	740.0	1.1003585209996345
De novo, quartet	DN	quartet	noisy	8	1	315	314	19307.25	723.5	0.9444126150001466
De novo, quartet	DN	quartet	noisy	9	1	284	283	19473.5	730.5	1.0109017859999767
De novo, quartet	DN	quartet	noisy	10	1	292	291	19393.75	763.75	1.218977736999932
De novo, quartet	DN	quartet	noisy	11	0	319	319	19236.0	742.0	0.9471093389997804
De novo, quartet	DN	quartet	noisy	12	1	293	292	19336.0	764.75	0.9528483880003478
De novo, quartet	DN	quartet	noisy	13	1	320	319	19513.75	758.75	0.9477191780001704
De novo, quartet	DN	quartet	noisy	14	1	278	277	19618.0	734.25	0.9624788060000355
De novo, quartet	DN	quartet	noisy	15	1	306	305	19323.5	756.25	1.0528114560001995
De novo, quartet	DN	quartet	noisy	16	1	298	297	19135.5	723.0	1.0121743109998533
De novo, quartet	DN	quartet	noisy	17	1	310	309	19266.0	759.75	1.030065913999806
De novo, quartet	DN	quartet	noisy	18	1	295	294	19447.0	722.25	0.9270254149996617
De novo, quartet	DN	quartet	noisy	19	1	313	312	19249.75	745.25	0.9355423580000206
De novo, quartet	DN	quartet	noisy	20	1	317	316	19344.75	767.25	0.9469285489999493
De novo, quartet	DN	quartet	noisy	21	1	291	290	19273.25	742.5	0.8601204189999407
De novo, quartet	DN	quartet	noisy	22	1	316	315	19212.75	760.5	0.9573273930000141
De novo, quartet	DN	quartet	noisy	23	1	304	303	19419.5	758.25	1.0591280889998416
De novo, quartet	DN	quartet	noisy	24	1	279	278	19352.75	761.25	0.9984802050003054
De novo, quartet	DN	quartet	noisy	25	1	296	295	19199.5	748.0	1.0118304100001296
De novo, quartet	DN	quartet	noisy	26	1	284	283	19289.5	727.0	0.9880986389998725
De novo, quartet	DN	quartet	noisy	27	1	286	285	19261.25	757.75	0.9187714069998947
De novo, quartet	DN	quartet	noisy	28	1	296	295	19253.25	748.75	1.0421830539999064
De novo, quartet	DN	quartet	noisy	29	1	283	282	19560.0	793.0	0.952232384999661
De novo, quartet	DN	quartet	noisy	30	1	306	305	19313.25	758.0	0.8870497839998279
De novo, quartet	DN	quartet	noisy	31	1	299	298	19365.0	776.75	0.9621118509999178
De novo, quartet	DN	quartet	noisy	32	1	309	308	19202.75	748.25	1.1231097119998594
De novo, quartet	DN	quartet	noisy	33	1	281	280	19365.25	761.25	0.9553003279997938
De novo, quartet	DN	quartet	noisy	34	1	338	337	19475.25	813.0	0.8828266470000017
De novo, quartet	DN	quartet	noisy	35	1	299	298	19185.25	788.25	1.0851384539996616
De novo, quartet	DN	quartet	noisy	36	1	307	306	19344.25	763.5	1.0034386870001981
De novo, quartet	DN	quartet	noisy	37	1	299	298	19321.75	733.5	0.9482338130001153
De novo, quartet	DN	quartet	noisy	38	1	270	269	19357.5	742.75	1.0140119880002203
De novo, quartet	DN	quartet	noisy	39	1	320	319	19386.0	746.5	0.9200444009998137
De novo, quartet	DN	quartet	noisy	40	1	303	302	19502.5	774.75	0.9266350340003555
De novo, quartet	DN	quartet	noisy	41	1	315	314	19188.0	740.5	0.9426263760001348
De novo, quartet	DN	quartet	noisy	42	1	313	312	19349.25	737.75	1.139539085999786
De novo, quartet	DN	quartet	noisy	43	1	293	292	19455.0	763.75	0.9098600730003454
De novo, quartet	DN	quartet	noisy	44	1	303	302	19420.75	757.5	0.9782063489997199
De novo, quartet	DN	quartet	noisy	45	0	274	274	19109.25	766.0	0.9714299770002981
De novo, quartet	DN	quartet	noisy	46	1	283	282	19292.25	754.5	0.9160792920001768
De novo, quartet	DN	quartet	noisy	47	1	295	294	19413.0	740.25	1.0372301520001201
De novo, quartet	DN	quartet	noisy	48	1	294	293	19089.25	738.0	1.1884316679997937
De novo, quartet	DN	quartet	noisy	49	1	294	293	19378.5	743.0	0.9754671750001762
De novo, quartet	DN	quartet	noisy, missing ignored	0	1	291	290	19288.5	715.0	0.8974292449997847
De novo, quartet	DN	quartet	noisy, missing ignored	1	1	302	301	19553.0	788.75	0.8616613639997013
De novo, quartet	DN	quartet	noisy, missing ignored	2	1	305	304	19395.25	758.5	0.9100548440001148
De novo, quartet	DN	quartet	noisy, missing ignored	3	1	329	328	19328.5	742.25	0.8880696100000023
De novo, quartet	DN	quartet	noisy, missing ignored	4	1	272	271	19311.0	748.5	0.9118907779998153
De novo, quartet	DN	quartet	noisy, missing ignored	5	1	294	293	19403.0	745.75	1.1467498800002431
De novo, quartet	DN	quartet	noisy, missing ignored	6	1	290	289	19223.5	711.75	1.0482319239999924
De novo, quartet	DN	quartet	noisy, missing ignored	7	1	282	281	19248.25	750.5	0.942832535999969
De novo, quartet	DN	quartet	noisy, missing ignored	8	1	311	310	19342.0	750.5	1.0451827970000522
De novo, quartet	DN	quartet	noisy, missing ignored	9	1	322	321	19413.25	762.5	0.9817635980002706
De novo, quartet	DN	quartet	noisy, missing ignored	10	1	320	319	19426.75	782.25	0.8816862360004052
De novo, quartet	DN	quartet	noisy, missing ignored	11	1	310	309	19290.5	756.0	0.8521902400002546
De novo, quartet	DN	quartet	noisy, missing ignored	12	1	298	297	19195.75	795.0	0.956478075999712
De novo, quartet	DN	quartet	noisy, missing ignored	13	1	272	271	19209.0	737.0	1.131453219999912
De novo, quartet	DN	quartet	noisy, missing ignored	14	1	273	272	19275.0	724.25	0.9319624669997211
De novo, quartet	DN	quartet	noisy, missing ignored	15	1	277	276	19317.5	723.5	0.9619945659997029
De novo, quartet	DN	quartet	noisy, missing ignored	16	1	300	299	19713.5	742.5	0.9322187210000266
De novo, quartet	DN	quartet	noisy, missing ignored	17	0	336	336	19358.5	767.0	0.9860474420001992
De novo, quartet	DN	quartet	noisy, missing ignored	18	1	308	307	19233.0	767.5	0.972303968000233
De novo, quartet	DN	quartet	noisy, missing ignored	19	1	322	321	19305.25	775.25	0.9419017350001013
De novo, quartet	DN	quartet	noisy, missing ignored	20	1	286	285	19423.25	757.5	0.8775429629999962
De novo, quartet	DN	quartet	noisy, missing ignored	21	1	307	306	19328.0	751.25	0.8970046839999668
De novo, quartet	DN	quartet	noisy, missing ignored	22	1	332	331	19455.75	789.0	0.9776665609997508
De novo, quartet	DN	quartet	noisy, missing ignored	23	1	293	292	19423.25	786.0	1.040562958999999
De novo, quartet	DN	quartet	noisy, missing ignored	24	1	299	298	19453.75	742.5	0.9071371819995875
De novo, quartet	DN	quartet	noisy, missing ignored	25	1	289	288	19219.5	757.25	1.197594707999997
De novo, quartet	DN	quartet	noisy, missing ignored	26	1	283	282	19387.75	754.5	1.0085520739999083
De novo, quartet	DN	quartet	noisy, missing ignored	27	1	337	336	19573.75	772.5	0.9977241150004375
De novo, quartet	DN	quartet	noisy, missing ignored	28	1	302	301	19328.75	739.0	0.9420195819998298
De novo, quartet	DN	quartet	noisy, missing ignored	29	1	306	305	19169.25	757.5	0.9910775739999735
De novo, quartet	DN	quartet	noisy, missing ignored	30	1	297	296	19280.0	781.25	0.9484250840000641
De novo, quartet	DN	quartet	noisy, missing ignored	31	1	315	314	19356.75	788.75	0.9390405560002364
De novo, quartet	DN	quartet	noisy, missing ignored	32	1	280	279	19434.75	753.75	0.9951649580002595
De novo, quartet	DN	quartet	noisy, missing ignored	33	1	307	306	19209.75	749.5	0.896725743999923
De novo, quartet	DN	quartet	noisy, missing ignored	34	1	289	288	19240.0	742.75	0.9484498890001305
De novo, quartet	DN	quartet	noisy, missing ignored	35	1	296	295	19354.25	722.25	0.9504001870000138
De novo, quartet	DN	quartet	noisy, missing ignored	36	1	310	309	19291.5	737.0	0.9267015450000144
De novo, quartet	DN	quartet	noisy, missing ignored	37	1	333	332	19371.0	778.25	0.8560987129999376
De novo, quartet	DN	quartet	noisy, missing ignored	38	1	328	327	19324.5	736.25	1.0178412519999256
De novo, quartet	DN	quartet	noisy, missing ignored	39	1	317	316	19416.0	755.25	1.0312571159997788
De novo, quartet	DN	quartet	noisy, missing ignored	40	1	271	270	19428.25	752.25	1.0125159799999892
De novo, quartet	DN	quartet	noisy, missing ignored	41	1	270	269	19305.0	739.5	0.879701888999989
De novo, quartet	DN	quartet	noisy, missing ignored	42	1	316	315	19300.5	755.75	0.9084109620002891
De novo, quartet	DN	quartet	noisy, missing ignored	43	1	284	283	19282.75	781.75	1.054500970999925
De novo, quartet	DN	quartet	noisy, missing ignored	44	1	289	288	19223.5	751.25	0.914546153000174
De novo, quartet	DN	quartet	noisy, missing ignored	45	1	285	284	19282.5	724.25	1.0746245410000483
De novo, quartet	DN	quartet	noisy, missing ignored	46	1	309	308	19226.0	806.0	0.9586852869997529
De novo, quartet	DN	quartet	noisy, missing ignored	47	1	284	283	19307.0	768.25	0.8624023020001914
De novo, quartet	DN	quartet	noisy, missing ignored	48	1	295	294	19284.0	758.0	0.9436349070001597
De novo, quartet	DN	quartet	noisy, missing ignored	49	1	293	292	19384.75	711.25	0.9641352319999896
XLR, 5 members	XLR	x_family	error-free	0	1	9	8	19294.2	430.8	1.1153761999999006
XLR, 5 members	XLR	x_family	error-free	1	1	8	7	19100.6	443.2	0.9959951870000623
XLR, 5 members	XLR	x_family	error-free	2	1	6	5	19024.4	495.8	1.2046897010000066
XLR, 5 members	XLR	x_family	error-free	3	1	4	3	18676.2	464.6	1.004483405999963
XLR, 5 members	XLR	x_family	error-free	4	1	7	6	19015.0	423.8	0.9598080739997386
XLR, 5 members	XLR	x_family	error-free	5	1	7	6	18772.0	450.0	1.007220456000141
XLR, 5 members	XLR	x_family	error-free	6	1	8	7	19084.6	450.8	1.206572658999903
XLR, 5 members	XLR	x_family	error-free	7	1	6	5	19100.4	472.0	1.1520338560003438
XLR, 5 members	XLR	x_family	error-free	8	1	2	1	18883.4	459.0	1.0380380430001424
XLR, 5 members	XLR	x_family	error-free	9	1	6	5	19023.4	465.8	1.050929989999986
XLR, 5 members	XLR	x_family	error-free	10	1	4	3	19018.2	434.4	1.1072291979999136
XLR, 5 members	XLR	x_family	error-free	11	1	14	13	18986.2	437.4	1.1034158080001362
XLR, 5 members	XLR	x_family	error-free	12	1	5	4	18933.2	435.2	1.097078815000259
XLR, 5 members	XLR	x_family	error-free	13	1	7	6	19002.4	456.0	1.2165461119998326
XLR, 5 members	XLR	x_family	error-free	14	1	8	7	18918.8	458.2	1.0962445549998847
XLR, 5 members	XLR	x_family	error-free	15	1	4	3	19090.6	427.4	0.9855633540000781
XLR, 5 members	XLR	x_family	error-free	16	1	7	6	18969.8	443.6	1.0387002289999145
XLR, 5 members	XLR	x_family	error-free	17	1	4	3	19004.8	445.8	1.0324434459998884
XLR, 5 members	XLR	x_family	error-free	18	1	4	3	19074.2	443.4	1.19313808600009
XLR, 5 members	XLR	x_family	error-free	19	1	5	4	18951.8	449.6	1.0751843589996497
XLR, 5 members	XLR	x_family	error-free	20	1	4	3	18756.4	440.6	0.9933709399997497
XLR, 5 members	XLR	x_family	error-free	21	1	5	4	18928.4	414.0	1.0482384270003422
XLR, 5 members	XLR	x_family	error-free	22	1	3	2	18867.2	456.8	1.1333708570000454
XLR, 5 members	XLR	x_family	error-free	23	1	5	4	18925.4	466.2	0.9899586980000095
XLR, 5 members	XLR	x_family	error-free	24	1	8	7	18977.2	442.0	1.0961522319998949
XLR, 5 members	XLR	x_family	error-free	25	1	5	4	18727.8	412.4	1.0991103199999088
XLR, 5 members	XLR	x_family	error-free	26	1	6	5	19235.4	462.2	1.3136420549999457
XLR, 5 members	XLR	x_family	error-free	27	1	7	6	19017.2	437.8	1.1045584109997435
XLR, 5 members	XLR	x_family	error-free	28	1	7	6	18795.6	449.6	1.1514976110001953
XLR, 5 members	XLR	x_family	error-free	29	1	4	3	18733.8	415.8	1.0367511179997564
XLR, 5 members	XLR	x_family	error-free	30	1	6	5	18763.4	444.0	1.1196601589999773
XLR, 5 members	XLR	x_family	error-free	31	1	4	3	18961.4	449.0	1.0239754590002121
XLR, 5 members	XLR	x_family	error-free	32	1	10	9	18922.6	455.6	1.1324310160002824
XLR, 5 members	XLR	x_family	error-free	33	1	5	4	19000.8	431.6	1.1473310100000162
XLR, 5 members	XLR	x_family	error-free	34	1	8	7	18949.0	448.0	1.0557933180002692
XLR, 5 members	XLR	x_family	error-free	35	1	6	5	18881.0	445.4	1.2329472149999674
XLR, 5 members	XLR	x_family	error-free	36	1	4	3	18768.2	425.6	1.0472163939998609
XLR, 5 members	XLR	x_family	error-free	37	1	7	6	18878.6	438.4	1.0891318829999364
XLR, 5 members	XLR	x_family	error-free	38	1	6	5	18804.4	461.6	1.0185196279999218
XLR, 5 members	XLR	x_family	error-free	39	1	5	4	18905.4	466.8	1.0951929430002565
XLR, 5 members	XLR	x_family	error-free	40	1	4	3	18855.2	459.4	1.049251409000135
XLR, 5 members	XLR	x_family	error-free	41	1	8	7	18998.8	442.4	1.182600488999924
XLR, 5 members	XLR	x_family	error-free	42	1	8	7	18886.0	465.2	1.1365687820002677
XLR, 5 members	XLR	x_family	error-free	43	1	6	5	19014.8	461.8	1.080826252999941
XLR, 5 members	XLR	x_family	error-free	44	1	6	5	19048.8	469.2	1.108691015000204
XLR, 5 members	XLR	x_family	error-free	45	1	3	2	18891.6	440.0	0.9911274300002333
XLR, 5 members	XLR	x_family	error-free	46	1	7	6	18945.0	456.4	1.08051797600001
XLR, 5 members	XLR	x_family	error-free	47	1	11	10	18978.6	407.4	1.1808618390000447
XLR, 5 members	XLR	x_family	error-free	48	1	9	8	18964.2	448.6	0.9813313869999547
XLR, 5 members	XLR	x_family	error-free	49	1	6	5	18939.0	447.0	1.0543834249997417
XLR, 5 members	XLR	x_family	noisy	0	1	3	2	19296.0	718.8	1.0828055049996692
XLR, 5 members	XLR	x_family	noisy	1	0	3	3	19210.6	781.6	1.0941729699998177
XLR, 5 members	XLR	x_family	noisy	2	1	4	3	19489.8	741.4	1.2243467240000427
XLR, 5 members	XLR	x_family	noisy	3	1	3	2	19317.6	762.2	1.156121283000175
XLR, 5 members	XLR	x_family	noisy	4	1	6	5	19135.0	745.8	1.1657488770001692
XLR, 5 members	XLR	x_family	noisy	5	0	4	4	19398.6	762.6	1.0413017569999283
XLR, 5 members	XLR	x_family	noisy	6	1	7	6	19488.2	714.6	1.141631248000067
XLR, 5 members	XLR	x_family	noisy	7	1	6	5	19455.0	770.2	1.1566273049998017
XLR, 5 members	XLR	x_family	noisy	8	1	5	4	19185.2	771.6	1.1589721010000176
XLR, 5 members	XLR	x_family	noisy	9	1	3	2	19195.8	756.4	1.1379511529999036
XLR, 5 members	XLR	x_family	noisy	10	1	7	6	19325.0	744.8	1.0408485100001599
XLR, 5 members	XLR	x_family	noisy	11	1	9	8	19353.6	754.2	0.9996361359999355
XLR, 5 members	XLR	x_family	noisy	12	1	8	7	19256.4	733.2	1.1908524619998389
XLR, 5 members	XLR	x_family	noisy	13	1	11	10	19207.0	724.2	1.0716280579999875
XLR, 5 members	XLR	x_family	noisy	14	1	6	5	19325.6	722.8	1.0142744749996382
XLR, 5 members	XLR	x_family	noisy	15	1	4	3	19285.8	757.2	1.1063973589998568
XLR, 5 members	XLR	x_family	noisy	16	1	5	4	19398.0	768.8	1.1095253579997006
XLR, 5 members	XLR	x_family	noisy	17	1	6	5	19399.6	768.4	1.0984680669998852
XLR, 5 members	XLR	x_family	noisy	18	1	4	3	19206.4	719.2	1.0417892680002296
XLR, 5 members	XLR	x_family	noisy	19	1	3	2	19486.4	751.4	1.1080729989998872
XLR, 5 members	XLR	x_family	noisy	20	1	4	3	19394.6	760.6	1.293177538999771
XLR, 5 members	XLR	x_family	noisy	21	1	6	5	19302.4	751.6	1.0393423719997372
XLR, 5 members	XLR	x_family	noisy	22	1	4	3	19521.4	741.0	1.1064714909998656
XLR, 5 members	XLR	x_family	noisy	23	1	7	6	19467.4	756.2	1.1091057150001689
XLR, 5 members	XLR	x_family	noisy	24	1	8	7	19353.2	775.2	1.0049078679999184
XLR, 5 members	XLR	x_family	noisy	25	0	5	5	19498.8	756.0	1.0878237750002882
XLR, 5 members	XLR	x_family	noisy	26	1	2	1	19336.4	739.4	1.1588212850001582
XLR, 5 members	XLR	x_family	noisy	27	1	4	3	19278.2	754.6	1.1540177920001042
XLR, 5 members	XLR	x_family	noisy	28	1	6	5	19255.8	744.6	1.0234306010002001
XLR, 5 members	XLR	x_family	noisy	29	1	9	8	19273.0	745.0	1.0259845559999121
XLR, 5 members	XLR	x_family	noisy	30	1	9	8	19293.6	766.4	0.9773224820000905
XLR, 5 members	XLR	x_family	noisy	31	1	4	3	19257.0	733.2	1.0491490300000805
XLR, 5 members	XLR	x_family	noisy	32	1	6	5	19174.6	706.2	1.0183561450003253
XLR, 5 members	XLR	x_family	noisy	33	1	5	4	19159.4	772.4	1.0379377099998237
XLR, 5 members	XLR	x_family	noisy	34	1	4	3	19322.2	739.4	1.2038937590000387
XLR, 5 members	XLR	x_family	noisy	35	1	6	5	19388.6	727.8	1.0720066850003604
XLR, 5 members	XLR	x_family	noisy	36	1	3	2	19441.2	751.0	1.0189000330001363
XLR, 5 members	XLR	x_family	noisy	37	1	8	7	19221.8	735.0	1.2778062520001185
XLR, 5 members	XLR	x_family	noisy	38	1	4	3	19234.0	752.6	1.1372317720001774
XLR, 5 members	XLR	x_family	noisy	39	1	4	3	19172.0	735.2	1.1331929689999924
XLR, 5 members	XLR	x_family	noisy	40	1	2	1	19334.4	761.2	1.088839925999764
XLR, 5 members	XLR	x_family	noisy	41	1	1	0	19341.4	770.0	1.1315508110001247
XLR, 5 members	XLR	x_family	noisy	42	1	2	1	19425.4	726.8	1.0643135689997507
XLR, 5 members	XLR	x_family	noisy	43	1	4	3	19179.6	745.6	0.9870880400003443
XLR, 5 members	XLR	x_family	noisy	44	1	4	3	19323.0	749.8	1.0361217740000939
XLR, 5 members	XLR	x_family	noisy	45	1	4	3	19468.0	744.2	1.138689506999981
XLR, 5 members	XLR	x_family	noisy	46	1	4	3	19204.2	782.4	1.1132375760003015
XLR, 5 members	XLR	x_family	noisy	47	1	1	0	19471.4	768.0	1.1321968330003074
XLR, 5 members	XLR	x_family	noisy	48	1	4	3	19305.6	749.4	1.0249154650000492
XLR, 5 members	XLR	x_family	noisy	49	0	5	5	19178.8	765.8	1.3057427690000623
XLR, 5 members	XLR	x_family	noisy, missing ignored	0	1	4	3	19285.2	773.0	1.101090301000113
XLR, 5 members	XLR	x_family	noisy, missing ignored	1	1	6	5	19204.8	750.4	1.0361310109997248
XLR, 5 members	XLR	x_family	noisy, missing ignored	2	1	6	5	19540.8	769.6	1.006929510000191
XLR, 5 members	XLR	x_family	noisy, missing ignored	3	1	6	5	19368.8	771.0	1.0996271869998964
XLR, 5 members	XLR	x_family	noisy, missing ignored	4	1	4	3	19364.4	758.8	1.0313239609999982
XLR, 5 members	XLR	x_family	noisy, missing ignored	5	1	3	2	19468.8	797.4	1.015723769000033
XLR, 5 members	XLR	x_family	noisy, missing ignored	6	1	8	7	19355.0	752.6	1.0737685129997772
XLR, 5 members	XLR	x_family	noisy, missing ignored	7	1	5	4	19520.8	757.8	1.1361046309998528
XLR, 5 members	XLR	x_family	noisy, missing ignored	8	1	3	2	19277.0	750.2	1.0279948680004054
XLR, 5 members	XLR	x_family	noisy, missing ignored	9	1	9	8	19281.4	741.6	1.0948718859999644
XLR, 5 members	XLR	x_family	noisy, missing ignored	10	1	5	4	19394.4	757.8	1.1873954890002096
XLR, 5 members	XLR	x_family	noisy, missing ignored	11	1	3	2	19293.4	756.6	1.059253511999941
XLR, 5 members	XLR	x_family	noisy, missing ignored	12	1	5	4	19408.6	813.0	1.0492336029997205
XLR, 5 members	XLR	x_family	noisy, missing ignored	13	1	3	2	19317.6	767.2	1.1446941099998185
XLR, 5 members	XLR	x_family	noisy, missing ignored	14	1	6	5	19356.4	772.8	1.0415763900000456
XLR, 5 members	XLR	x_family	noisy, missing ignored	15	1	6	5	19159.8	755.8	1.0446862489998239
XLR, 5 members	XLR	x_family	noisy, missing ignored	16	1	3	2	19214.2	754.8	1.130905599000016
XLR, 5 members	XLR	x_family	noisy, missing ignored	17	1	4	3	19201.8	768.6	1.0284663190000174
XLR, 5 members	XLR	x_family	noisy, missing ignored	18	1	6	5	19479.8	723.2	1.1697026699998787
XLR, 5 members	XLR	x_family	noisy, missing ignored	19	1	3	2	19348.8	757.6	1.014148787999602
XLR, 5 members	XLR	x_family	noisy, missing ignored	20	1	6	5	19329.6	747.2	1.0750993550000203
XLR, 5 members	XLR	x_family	noisy, missing ignored	21	1	7	6	19510.6	727.6	1.0441246149998733
XLR, 5 members	XLR	x_family	noisy, missing ignored	22	1	2	1	19296.8	764.4	1.2029880139998568
XLR, 5 members	XLR	x_family	noisy, missing ignored	23	1	4	3	19203.6	759.0	1.0191026069996951
XLR, 5 members	XLR	x_family	noisy, missing ignored	24	1	5	4	19248.8	753.4	1.1446305009999378
XLR, 5 members	XLR	x_family	noisy, missing ignored	25	1	6	5	19246.4	748.4	1.0880628659997456
XLR, 5 members	XLR	x_family	noisy, missing ignored	26	1	10	9	19444.4	760.4	1.1064072009999109
XLR, 5 members	XLR	x_family	noisy, missing ignored	27	1	7	6	19258.0	809.8	1.0403974880000533
XLR, 5 members	XLR	x_family	noisy, missing ignored	28	1	5	4	19439.2	755.8	0.9986888240000553
XLR, 5 members	XLR	x_family	noisy, missing ignored	29	1	6	5	19467.4	753.8	1.0319680110001173
XLR, 5 members	XLR	x_family	noisy, missing ignored	30	1	2	1	19295.0	746.2	1.0911194519999299
XLR, 5 members	XLR	x_family	noisy, missing ignored	31	1	6	5	19331.2	757.0	1.0147938689997318
XLR, 5 members	XLR	x_family	noisy, missing ignored	32	1	3	2	19489.2	734.0	0.9977378980001959
XLR, 5 members	XLR	x_family	noisy, missing ignored	33	1	9	8	19210.8	758.8	1.0631392020000021
XLR, 5 members	XLR	x_family	noisy, missing ignored	34	1	6	5	19211.6	755.0	1.1517212929998095
XLR, 5 members	XLR	x_family	noisy, missing ignored	35	1	10	9	19165.2	739.2	1.2418714949999412
XLR, 5 members	XLR	x_family	noisy, missing ignored	36	1	10	9	19373.8	771.0	1.0623426639999707
XLR, 5 members	XLR	x_family	noisy, missing ignored	37	1	3	2	19289.2	775.6	1.109673529000247
XLR, 5 members	XLR	x_family	noisy, missing ignored	38	1	6	5	19292.0	750.0	1.0758784940003352
XLR, 5 members	XLR	x_family	noisy, missing ignored	39	1	12	11	19230.6	747.2	1.0881200399999216
XLR, 5 members	XLR	x_family	noisy, missing ignored	40	1	4	3	19259.2	788.8	1.1041976649999015
XLR, 5 members	XLR	x_family	noisy, missing ignored	41	1	8	7	19483.2	743.8	1.0019016639998881
XLR, 5 members	XLR	x_family	noisy, missing ignored	42	1	2	1	19365.8	750.2	1.0844767989997308
XLR, 5 members	XLR	x_family	noisy, missing ignored	43	1	5	4	19393.0	749.4	1.0062094179997985
XLR, 5 members	XLR	x_family	noisy, missing ignored	44	1	4	3	19413.0	749.2	1.0932759199999964
XLR, 5 members	XLR	x_family	noisy, missing ignored	45	1	10	9	19502.2	777.6	1.170470677999674
XLR, 5 members	XLR	x_family	noisy, missing ignored	46	1	6	5	19318.0	761.6	1.0593274860002566
XLR, 5 members	XLR	x_family	noisy, missing ignored	47	1	8	7	19177.2	782.8	1.1554152769999746
XLR, 5 members	XLR	x_family	noisy, missing ignored	48	1	7	6	19172.2	768.4	1.023394122999889
XLR, 5 members	XLR	x_family	noisy, missing ignored	49	1	5	4	19539.0	768.6	1.1399761900001977
